,ID,age,session_date,min_const_tape_score,pref_const_tape_score,max_const_tape_score,vis1_sr_max_const,vis1_sd_max_const,vis1_msl_max_const,vis1_learning_max_const,vis1_error_max_const,vis1_asymmetry_max_const,vis1_strides_between_success_max_const,vis1_max_const_indices,vis1_sr_min_const,vis1_sd_min_const,vis1_msl_min_const,vis1_learning_min_const,vis1_error_min_const,vis1_asymmetry_min_const,vis1_strides_between_success_min_const,vis1_min_const_indices,vis1_min_target_size,vis1_max_constant,vis1_min_constant,invis_sr_max_const,invis_sd_max_const,invis_msl_max_const,invis_learning_max_const,invis_error_max_const,invis_asymmetry_max_const,invis_strides_between_success_max_const,invis_max_const_indices,invis_sr_min_const,invis_sd_min_const,invis_msl_min_const,invis_learning_min_const,invis_error_min_const,invis_asymmetry_min_const,invis_strides_between_success_min_const,invis_min_const_indices,invis_min_target_size,invis_max_constant,invis_min_constant,invis_max_first,invis_min_first,vis2_sr_max_const,vis2_sd_max_const,vis2_msl_max_const,vis2_learning_max_const,vis2_error_max_const,vis2_asymmetry_max_const,vis2_strides_between_success_max_const,vis2_max_const_indices,vis2_sr_min_const,vis2_sd_min_const,vis2_msl_min_const,vis2_learning_min_const,vis2_error_min_const,vis2_asymmetry_min_const,vis2_strides_between_success_min_const,vis2_min_const_indices,vis2_min_target_size,vis2_max_constant,vis2_min_constant,mot_noise,pref_asymmetry
0,MUH451,9.916666666666666,2024-03-27,,,,0.7,0.19997712553354835,2.22300015,0.5575003749999997,-0.1769998499999999,0.2694691075923668,1.4615384615384615,"[67557, 67827, 68115, 68412, 68724, 69054, 69438, 69783, 70107, 70425, 70749, 71100, 71526, 71904, 72264, 72645, 72987, 73365, 73695, 74034, 74346, 74649, 74991, 75336, 75663]",0.8,0.17121669442023302,1.5766950750000002,1.0582623125,-0.023304925000000108,0.16246659370904085,1.2666666666666666,"[76023, 76338, 76617, 76881, 77157, 77448, 77736, 78039, 78306, 78555, 78807, 79050, 79284, 79515, 79758, 80013, 80250, 80493, 80748, 80997, 81246, 81489, 81726, 81960, 82200]",0.4939999999999998,2.4,1.6,0.35,0.37769418638106583,1.9560748499999998,-0.1098128750000005,-0.44392514999999994,0.634813915297611,1.8333333333333333,"[252, 253, 254, 255, 256, 257, 258, 259, 260, 261, 262, 263, 264, 265, 266, 267, 268, 269, 270, 271, 272, 273, 274, 275, 276, 278, 279, 280, 281, 282, 283, 284, 285, 286, 287, 288, 289, 290, 291, 292, 293, 294, 295, 296, 297, 298, 299, 300, 301, 302, 303, 304, 305, 306, 307, 308, 309, 310, 311, 312, 313, 314, 315, 316, 317, 318, 319, 320, 321, 322, 323, 324, 325, 326, 327, 328, 329, 330, 331, 332, 333, 334, 335, 336, 337, 338, 339, 340, 341, 342, 343, 344, 345, 346, 347, 348, 349, 350, 351, 352]",1.0,0.09483525047291502,1.6203280500000001,0.9491798749999999,0.020328049999999896,0.12198469677264663,1.0,"[77, 78, 79, 80, 81, 82, 83, 84, 85, 86, 87, 88, 89, 90, 91, 92, 93, 94, 95, 96, 97, 98, 99, 100, 101, 102, 103, 104, 105, 106, 107, 108, 109, 110, 111, 112, 113, 114, 115, 116, 117, 118, 119, 120, 121, 122, 123, 124, 125, 126, 127, 128, 129, 130, 131, 132, 133, 134, 135, 136, 137, 138, 139, 140, 141, 142, 143, 144, 145, 146, 147, 148, 149, 150, 151, 152, 153, 154, 155, 156, 157, 158, 159, 160, 161, 162, 163, 164, 165, 166, 167, 168, 169, 170, 171, 172, 173, 174, 175, 176]",0.4939999999999998,2.4,1.6,False,True,0.65,0.23746591671671094,2.35902765,0.8975691249999997,-0.0409723499999999,0.22652912101018235,1.5,"[9171, 9510, 9858, 10230, 10587, 10980, 11379, 11778, 12135, 12471, 12801, 13140, 13476, 13836, 14178, 14540, 14904, 15303, 15770, 16145, 16578, 16941, 17262, 17625, 18036]",0.7,0.16223326450871478,1.4235198749999998,1.4412003125000008,-0.17648012500000013,0.1216399775917781,1.2307692307692308,"[18402, 18756, 19071, 19350, 19617, 19890, 20184, 20394, 20604, 20826, 21048, 21285, 21504, 21735, 21960, 22182, 22413, 22634, 22857, 23078, 23306, 23529, 23739, 23949, 24171, 24392]",0.4939999999999998,2.4,1.6,0.15749068875889854,0.08978575167632967
1,MUH731,8.666666666666666,2024-08-15,7.0,9.0,8.0,0.65,0.12949263886323095,2.348064,0.87016,-0.05193599999999998,0.05357953634519136,1.4166666666666667,"[82603, 82966, 83386, 83830, 84264, 84681, 85158, 85611, 86076, 86550, 87051, 87525, 87999, 88479, 88929, 89379, 89832, 90255, 90711, 91206, 91731, 92226, 92723, 93164, 93611]",0.6,0.1348417831068967,1.7285910000000002,0.6785224999999996,0.1285909999999999,0.07955540826264225,1.7272727272727273,"[94052, 94457, 94865, 95228, 95573, 95924, 96269, 96623, 97022, 97430, 97775, 98117, 98462, 98804, 99125, 99473, 99782, 100109, 100430, 100789, 101156, 101512, 101860, 102202, 102547]",0.2999999999999998,2.4,1.6,0.45,0.15431680780156493,2.242976025,0.6074400624999999,-0.15702397499999993,0.05563332482217409,2.375,"[30842, 31319, 31775, 32222, 32723, 33161, 33605, 34130, 34592, 35012, 35516, 35951, 36395, 36860, 37310, 37751, 38213, 38636, 39047, 39494, 39950, 40385, 40874, 41377, 41851, 42274, 42718, 43180, 43648, 44089, 44605, 45070, 45517, 45934, 46348, 46786, 47239, 47692, 48157, 48616, 49096, 49549, 49978, 50413, 50917, 51396, 51872, 52334, 52826, 53291, 53710, 54166, 54658, 55150, 55654, 56133, 56631, 57126, 57599, 58049, 58493, 59000, 59471, 59936, 60377, 60841, 61312, 61783, 62275, 62761, 63217, 63640, 64105, 64585, 65065, 65539, 66042, 66522, 66933, 67389, 67848, 68283, 68750, 69194, 69641, 70072, 70513, 70960, 71410, 71910, 72354, 72765, 73257, 73740, 74196, 74651, 75058, 75487, 75901, 76327]",0.45,0.1976876142757877,1.694085,0.7647875000000001,0.09408499999999995,0.08206528523959075,2.375,"[108075, 108453, 108831, 109263, 109587, 109875, 110193, 110517, 110853, 111171, 111486, 111768, 112032, 112317, 112617, 112905, 113217, 113514, 113811, 114126, 114441, 114756, 115089, 115398, 115697, 115979, 116276, 116561, 116846, 117179, 117495, 117838, 118170, 118527, 118876, 119227, 119593, 119904, 120192, 120522, 120869, 121244, 121601, 121886, 122198, 122495, 122816, 123138, 123467, 123778, 124117, 124468, 124768, 125068, 125413, 125737, 126089, 126440, 126754, 127090, 127408, 127741, 128041, 128368, 128725, 129075, 129411, 129768, 130158, 130538, 130853, 131135, 131459, 131845, 132199, 132493, 132745, 133024, 133357, 133681, 134017, 134407, 134818, 135187, 135535, 135901, 136264, 136609, 136948, 137290, 137602, 137890, 138178, 138487, 138781, 139102, 139402, 139726, 140083, 140410]",0.2999999999999998,2.4,1.6,True,False,0.65,0.17068113483496064,2.33184405,0.8296101250000001,-0.06815594999999988,0.060459111031125425,1.3333333333333333,"[10748, 11168, 11645, 12080, 12485, 12938, 13406, 13880, 14411, 14923, 15406, 15880, 16318, 16768, 17254, 17740, 18220, 18700, 19195, 19648, 20124, 20580, 21045, 21465, 21858]",0.55,0.1772394529755895,1.575134925,1.0621626875000003,-0.02486507500000005,0.06988945364067234,1.6,"[22275, 22722, 23037, 23268, 23532, 23856, 24198, 24522, 24795, 25140, 25458, 25719, 26010, 26340, 26661, 26946, 27264, 27540, 27855, 28155, 28440, 28740, 29049, 29328, 29643, 30003]",0.2999999999999998,2.4,1.6,0.09981789541176206,0.053577873561233155
2,MUH994,9.083333333333334,2024-03-27,8.0,9.0,6.0,0.8,0.2080656247435356,2.055400125,0.13850031249999953,-0.34459987499999983,0.13053687929034144,1.2,"[87112, 87565, 88018, 88453, 88909, 89353, 89779, 90223, 90634, 91045, 91552, 92050, 92467, 92935, 93421, 93911, 94337, 94824, 95226, 95625, 96093, 96558, 97011, 97473, 97911]",0.9,0.2836650212188526,1.5270427500000001,1.182393125,-0.07295725000000004,0.1418011134347402,1.0588235294117647,"[98379, 98877, 99291, 99675, 100128, 100500, 100818, 101100, 101406, 101658, 101889, 102162, 102522, 102891, 103275, 103638, 103971, 104314, 104655, 104949, 105231, 105495, 105876, 106296, 106782]",0.94,2.4,1.6,1.0,0.13466732414256163,2.2187579250000002,0.5468948125000007,-0.18124207499999986,0.10171295591087573,1.0,"[35561, 36020, 36470, 36905, 37322, 37748, 38186, 38645, 39059, 39488, 39932, 40399, 40786, 41152, 41566, 42085, 42493, 42946, 43366, 43795, 44260, 44659, 45121, 45601, 46120, 46635, 47064, 47421, 47820, 48282, 48731, 49184, 49642, 50142, 50586, 51042, 51465, 51873, 52329, 52773, 53226, 53673, 54120, 54609, 55092, 55574, 56018, 56471, 56966, 57368, 57818, 58250, 58631, 59057, 59465, 59876, 60260, 60698, 61139, 61605, 62015, 62456, 62861, 63307, 63715, 64174, 64620, 65100, 65556, 66179, 66677, 67205, 67676, 68135, 68606, 69055, 69532, 69985, 70462, 70933, 71366, 71825, 72284, 72770, 73225, 73671, 74139, 74568, 75084, 75566, 76055, 76607, 77128, 77662, 78178, 78650, 79186, 79675, 80146, 80605]",0.85,0.4651101045265802,1.7754756,0.561311,0.17547559999999993,1.3622123878493801,1.125,"[112938, 113318, 113688, 114047, 114431, 114824, 115238, 115640, 116071, 116482, 116875, 117292, 117676, 118069, 118503, 118932, 119364, 119784, 120197, 120530, 121018, 121466, 121837, 122275, 122728, 123109, 123568, 123988, 124390, 124788, 125193, 125628, 126006, 126375, 126758, 127199, 127670, 128030, 128528, 128965, 129355, 129739, 130087, 130378, 130666, 130960, 131347, 131809, 132205, 132580, 132955, 133338, 133716, 134097, 134493, 134886, 135237, 135666, 136038, 136449, 136876, 137259, 137670, 138045, 138468, 138825, 139260, 139716, 140097, 140514, 140913, 141335, 141734, 142169, 142583, 142982, 143390, 143772, 144139, 144494, 144834, 145080, 145461, 145871, 146274, 146636, 147024, 147420, 147828, 148137, 148506, 148943, 149370, 149732, 150167, 150582, 151004, 151475, 151866, 152291]",0.94,2.4,1.6,True,False,0.45,0.25365224519247,2.1018551249999997,0.25463781249999934,-0.29814487499999986,0.2120595655584026,1.75,"[11944, 12343, 12700, 13117, 13543, 14053, 14560, 15061, 15430, 15814, 16201, 16717, 17260, 17791, 18253, 18748, 19237, 19804, 20272, 20779, 21274, 21658, 22138, 22576, 23011]",0.9,0.11469643438365049,1.709173425,0.7270664375000003,0.10917342499999994,0.16583382803743016,1.1176470588235294,"[23512, 23956, 24304, 24649, 25036, 25438, 25840, 26182, 26596, 26995, 27412, 27808, 28207, 28576, 28927, 29323, 29704, 30076, 30487, 30853, 31240, 31627, 32026, 32446, 32842, 33226]",0.46999999999999975,2.4,1.6,0.23245204489288307,0.10581612918061829
3,MUH1034,8.166666666666666,2024-10-04,9.0,9.0,9.0,0.3,0.660486020157985,2.5879591500000005,1.4698978750000016,0.18795915000000005,0.30235153421034183,2.8,"[69731, 70007, 70406, 70721, 71117, 71645, 77006, 77358, 77700, 78072, 78393, 78843, 79221, 79716, 80289, 80691, 81036, 81375, 81822, 82281, 82671, 83025, 83379, 83736, 84102]",0.15,0.44734008945077597,1.8860052749999994,0.28498681250000163,0.28600527499999984,0.09426239812939921,3.0,"[84465, 84870, 85224, 85545, 85818, 86115, 86418, 86723, 86975, 87245, 87503, 87806, 88091, 88430, 88793, 89093, 89351, 89672, 89978, 90254, 90452, 90599, 90872, 91229, 91649]",0.2999999999999998,2.4,1.6,0.4,0.3019864769319368,2.3176365,0.7940912499999999,-0.0823634999999999,0.18224363931423504,1.8571428571428572,"[27150, 27447, 27792, 28083, 28518, 28935, 29289, 29589, 30012, 30288, 30540, 30903, 31320, 31635, 31905, 32187, 32550, 32900, 33149, 33537, 33917, 34292, 34685, 35082, 35451, 35840, 36197, 36515, 36830, 37052, 37256, 37532, 37871, 38168, 38504, 38891, 39257, 39560, 39920, 40295, 40676, 41063, 41444, 41810, 42152, 42500, 42857, 43202, 43574, 43984, 44281, 44608, 44923, 45337, 45700, 46084, 46453, 46735, 47074, 47446, 47794, 48139, 48496, 48850, 49243, 49582, 49888, 50191, 50557, 50908, 51268, 51607, 51964, 52336, 52696, 53077, 53434, 53788, 54133, 54421, 54763, 55135, 55504, 55891, 56296, 56707, 57058, 57400, 57802, 58198, 58519, 58861, 59239, 59596, 59938, 60259, 60580, 60889, 61262, 61610]",0.25,0.29686550631448017,1.8056246999999999,0.48593825000000046,0.2056246999999999,0.23708025201645094,4.0,"[86775, 87114, 87381, 87633, 87924, 88188, 88344, 88530, 88689, 89229, 89646, 89862, 90048, 90249, 90456, 90711, 90972, 91236, 91497, 91812, 92112, 92394, 92709, 93035, 93333, 93665, 93992, 94304, 94523, 94674, 94856, 95309, 95606, 95870, 96131, 96398, 96668, 96911, 97157, 97589, 97850, 98108, 98393, 98675, 98969, 99191, 99527, 99932, 100319, 100598, 100886, 101189, 101474, 101777, 102122, 102392, 102623, 102884, 103142, 103430, 103688, 103973, 104297, 104603, 104867, 105170, 105440, 105740, 106058, 106570, 107020, 107239, 107527, 107860, 108133, 108511, 108937, 109423, 109708, 109987, 110287, 110578, 110827, 111094, 111421, 111754, 112072, 112309, 112588, 112834, 113080, 113374, 113650, 113944, 114259, 114574, 114871, 115159, 115399, 115687]",0.2999999999999998,2.4,1.6,True,False,0.3,0.1862739496866231,2.155959225,0.3898980625000005,-0.24404077499999985,0.128234561406724,3.2,"[9033, 9261, 9510, 9921, 10206, 10536, 10842, 11148, 11475, 11805, 12123, 12486, 12819, 13167, 13505, 13842, 14183, 14486, 14811, 15168, 15500, 15827, 16154, 16484, 16808]",0.35,0.4480854793308826,1.7495056500000001,0.6262358749999998,0.14950564999999996,0.23690799529687917,2.5,"[17165, 17495, 17729, 18014, 18308, 18584, 18848, 19120, 19372, 19648, 19969, 20290, 20602, 20872, 21121, 21403, 21688, 21970, 22165, 22484, 22759, 22969, 23269, 23617, 23995, 24373]",0.2999999999999998,2.4,1.6,0.1573319386827459,0.08275421157473528
4,MUH1037,13.333333333333334,2024-02-15,10.0,10.0,10.0,0.75,0.09441921739486034,2.3245877999999998,0.8114694999999996,-0.07541219999999996,0.03125339045473653,1.3571428571428572,"[80290, 80692, 81133, 81610, 82078, 82549, 83020, 83473, 83941, 84394, 84871, 85387, 85897, 86371, 86836, 87301, 87760, 88210, 88696, 89170, 89641, 90100, 90562, 91033, 91513]",0.5,0.10751756319919135,1.7276233500000004,0.680941624999999,0.12762334999999994,0.1948852351179783,2.0,"[91969, 92416, 92800, 93154, 93532, 93925, 94282, 94666, 95032, 95416, 95806, 96190, 96568, 96934, 97303, 97660, 98023, 98368, 98722, 99046, 99373, 99697, 100027, 100378, 100720]",0.2999999999999998,2.4,1.6,0.8,0.1078075439165938,2.400926775,1.0023169374999998,0.0009267750000000241,0.09435570855963944,1.2666666666666666,"[32316, 32715, 33090, 33540, 34023, 34499, 34960, 35431, 35890, 36346, 36817, 37294, 37764, 38213, 38677, 39148, 39616, 40090, 40558, 41025, 41499, 41983, 42445, 42919, 43420, 43912, 44419, 44917, 45391, 45874, 46366, 46849, 47322, 47817, 48303, 48798, 49311, 49796, 50297, 50806, 51335, 51871, 52384, 52888, 53386, 53815, 54184, 54583, 54943, 55291, 55642, 56032, 56485, 56903, 57292, 57661, 58117, 58633, 59143, 59644, 60160, 60670, 61171, 61668, 62177, 62666, 63173, 63665, 64163, 64697, 65198, 65705, 66212, 66719, 67235, 67730, 68237, 68720, 69218, 69716, 70205, 70703, 71219, 71729, 72245, 72749, 73316, 73850, 74336, 74825, 75314, 75785, 76256, 76718, 77177, 77654, 78143, 78620, 79105, 79588]",0.9,0.07142577985247031,1.645420575,0.8864485625000004,0.045420574999999894,0.13586652088086906,1.1176470588235294,"[114680, 115112, 115481, 115949, 116377, 116809, 117275, 117725, 118121, 118515, 118925, 119330, 119750, 120192, 120623, 121040, 121412, 121790, 122232, 122706, 123168, 123614, 124047, 124463, 124904, 125316, 125723, 126113, 126488, 126851, 127210, 127582, 127954, 128341, 128734, 129142, 129550, 129927, 130296, 130655, 131009, 131357, 131717, 132116, 132530, 132914, 133256, 133608, 133968, 134328, 134698, 135061, 135420, 135772, 136128, 136485, 136857, 137217, 137595, 137976, 138369, 138732, 139106, 139457, 139796, 140147, 140513, 140885, 141248, 141614, 141974, 142339, 142687, 143017, 143338, 143662, 143992, 144319, 144655, 144994, 145324, 145656, 145992, 146331, 146663, 147005, 147345, 147695, 148060, 148416, 148761, 149115, 149445, 149784, 150114, 150446, 150776, 151106, 151439, 151765]",0.2999999999999998,2.4,1.6,True,False,0.95,0.1133363960363682,2.3555807250000003,0.8889518125000009,-0.04441927499999989,0.05669227773910437,1.0555555555555556,"[11470, 11899, 12361, 12847, 13339, 13840, 14335, 14831, 15316, 15802, 16270, 16741, 17218, 17704, 18193, 18685, 19174, 19657, 20143, 20626, 21103, 21568, 22044, 22533, 23004]",0.9,0.055933027661112855,1.6664373749999999,0.8339065625000005,0.06643737499999988,0.04058016578966049,1.0588235294117647,"[23478, 23931, 24291, 24633, 24978, 25308, 25641, 26001, 26355, 26706, 27048, 27396, 27729, 28062, 28398, 28740, 29076, 29409, 29736, 30081, 30423, 30761, 31106, 31451, 31808, 32165]",0.2999999999999998,2.4,1.6,0.03813186747008613,0.021268724686987102
5,MUH1048,11.5,2024-01-25,,,,0.3,0.5783991716588593,2.1703143749999994,0.4257859374999985,-0.22968562499999995,0.6366489383887518,3.0,"[203, 204, 205, 206, 207, 208, 209, 210, 211, 212, 213, 214, 215, 216, 217, 218, 219, 220, 221, 222, 223, 224, 225, 226, 227]",0.15,0.46005337530600726,1.58190885,1.0452278750000001,-0.018091150000000056,0.08431787080803811,6.0,"[228, 229, 230, 231, 232, 233, 234, 235, 236, 237, 238, 239, 240, 241, 242, 243, 244, 245, 246, 247, 248, 249, 250, 251, 252]",0.2999999999999998,2.4,1.6,0.8,0.08925175398046517,2.4315042,1.0787605000000002,0.03150420000000007,0.06230731254208706,1.1333333333333333,"[31759, 32203, 32578, 33028, 33424, 33856, 34324, 34846, 35341, 35782, 36226, 36742, 37216, 37676, 38177, 38612, 39068, 39548, 40007, 40523, 41039, 41528, 42032, 42563, 43060, 43565, 44078, 44579, 45100, 45601, 46105, 46639, 47138, 47609, 48049, 48493, 48946, 49393, 49822, 50269, 50716, 51229, 51753, 52282, 52753, 53245, 53737, 54208, 54670, 55120, 55552, 55990, 56443, 56923, 57379, 57778, 58210, 58639, 59098, 59539, 59956, 60391, 60841, 61288, 61741, 62191, 62782, 63322, 63844, 64375, 64876, 65368, 65857, 66367, 66883, 67399, 67930, 68395, 68926, 69451, 69952, 70498, 71032, 71530, 72039, 72531, 73017, 73512, 74034, 74540, 75072, 75567, 76083, 76572, 77072, 77585, 78084, 78585, 79079, 79592]",0.3,0.23647120272842587,1.794815775,0.5129605625000001,0.19481577499999983,0.17426800098089032,3.6,"[113594, 114032, 114518, 114971, 115421, 115837, 116288, 116729, 117137, 117578, 118004, 118436, 118877, 119324, 119800, 120298, 120655, 120883, 121126, 121401, 121678, 121971, 122266, 122562, 122859, 123162, 123477, 123801, 124128, 124451, 124748, 125054, 125375, 125702, 126029, 126359, 126704, 127043, 127373, 127721, 128087, 128423, 128774, 129128, 129494, 129857, 130223, 130604, 130970, 131354, 131711, 132074, 132464, 132887, 133292, 133679, 134075, 134459, 134822, 135314, 135791, 136304, 136769, 137141, 137522, 137909, 138353, 138860, 139271, 139631, 139996, 140341, 140638, 140962, 141288, 141636, 142011, 142386, 142740, 143115, 143475, 143841, 144258, 144674, 144941, 145316, 145715, 146096, 146438, 146798, 147152, 147515, 147893, 148295, 148700, 149060, 149405, 149746, 150080, 150440]",0.2999999999999998,2.4,1.6,True,False,0.85,0.10289254179654912,2.394834225,0.9870855624999999,-0.005165774999999884,0.12647132677386025,1.0625,"[12206, 12611, 12974, 13337, 13772, 14315, 14774, 15317, 15863, 16361, 16865, 17330, 17837, 18326, 18818, 19283, 19766, 20237, 20723, 21224, 21692, 22169, 22646, 23093, 23528]",0.5,0.20856319448249752,1.7277068249999998,0.6807329375000005,0.1277068249999999,0.33735098904610494,1.8888888888888888,"[23996, 24617, 25109, 25541, 25982, 26467, 26900, 27311, 27632, 28040, 28466, 28844, 29201, 29582, 29954, 30311, 30658, 30980, 31316, 31634, 31943, 32270, 32630, 32969, 33314, 33653]",0.2999999999999998,2.4,1.6,0.29948364630283997,0.06771776888090474
6,MUH1064,10.75,2023-11-16,,,,0.4,0.2729734539561013,2.32890675,0.8222668749999997,-0.07109324999999991,0.33810400152114445,2.7142857142857144,"[82031, 82415, 82850, 83294, 83702, 84110, 84542, 84989, 85664, 86159, 86657, 87083, 87542, 87980, 88457, 89030, 89516, 89954, 90395, 90839, 91271, 91705, 92150, 92606, 93049]",1.0,0.2082902557017617,1.6841420999999996,0.7896447500000011,0.08414209999999984,0.12027949086424035,1.0,"[93514, 93964, 94390, 94801, 95194, 95596, 96007, 96430, 96853, 97234, 97570, 97894, 98230, 98539, 98850, 99162, 99483, 99799, 100107, 100420, 100731, 101040, 101358, 101676, 101991]",0.2999999999999998,2.4,1.6,1.0,0.06751651950645705,2.41553685,1.0388421250000004,0.015536850000000092,0.047767785830517065,1.0,"[138474, 138948, 139427, 139898, 140354, 140810, 141260, 141704, 142154, 142616, 143081, 143540, 143996, 144455, 144911, 145364, 145826, 146291, 146756, 147218, 147665, 148121, 148574, 149036, 149486, 149954, 150410, 150881, 151346, 151811, 152280, 152745, 153207, 153667, 154137, 154626, 155036, 155351, 155576, 155825, 156146, 156542, 157001, 157454, 157913, 158363, 158822, 159272, 159728, 160181, 160655, 161111, 161579, 162044, 162500, 162968, 163409, 163851, 164302, 164769, 165240, 165717, 166188, 166653, 167115, 167580, 168030, 168485, 168953, 169421, 169895, 170369, 170816, 171275, 171761, 172232, 172739, 173228, 173756, 174284, 174806, 175313, 175820, 176321, 176813, 177308, 177799, 178288, 178771, 179263, 179734, 180223, 180721, 181204, 181675, 182146, 182611, 183088, 183553, 184027]",0.7,0.2236895476947259,1.55599515,1.1100121250000003,-0.04400485000000008,0.13244214611161892,1.3076923076923077,"[49771, 50071, 50359, 50614, 50983, 51316, 51649, 51967, 52285, 52612, 52939, 53275, 53641, 54028, 54463, 54907, 55228, 55519, 55786, 56050, 56326, 56596, 56884, 57187, 57487, 57804, 58119, 58440, 58770, 59088, 59415, 59742, 60057, 60384, 60717, 61047, 61383, 61713, 62043, 62379, 62712, 63039, 63366, 63702, 64035, 64371, 64698, 65037, 65376, 65709, 66042, 66375, 66720, 67068, 67416, 67758, 68118, 68472, 68799, 69063, 69405, 69789, 70179, 70437, 70734, 71052, 71403, 71754, 72113, 72488, 72869, 73243, 73585, 73924, 74239, 74560, 74875, 75187, 75490, 75808, 76120, 76447, 76771, 77092, 77400, 77724, 78048, 78368, 78692, 79013, 79337, 79669, 79999, 80341, 80569, 81307, 81703, 82060, 82357, 82675]",0.2999999999999998,2.4,1.6,False,True,0.95,0.08701842749390788,2.373128025,0.9328200625000007,-0.026871974999999916,0.20766452734601346,1.0555555555555556,"[11600, 11987, 12398, 12823, 13288, 13765, 14254, 14746, 15226, 15685, 16156, 16633, 17098, 17569, 18031, 18490, 18961, 19429, 19909, 20401, 20887, 21355, 21829, 22324, 22834]",1.0,0.06492799084777647,1.61401665,0.9649583750000004,0.014016649999999908,0.06425824233767545,1.0,"[23290, 23716, 24052, 24340, 24634, 24922, 25222, 25525, 25849, 26164, 26488, 26803, 27118, 27430, 27754, 28075, 28390, 28711, 29035, 29365, 29704, 30031, 30370, 30694, 31024, 31366]",0.2999999999999998,2.4,1.6,0.06093300481455369,0.026638736268071006
8,MUH1067,13.333333333333334,2023-11-30,,,,0.45,0.07093183437628135,2.2430037,0.6075092500000002,-0.15699629999999992,0.07344330160671135,2.25,"[94306, 94762, 95284, 95818, 96361, 96877, 97414, 97948, 98476, 99013, 99553, 100084, 100615, 101137, 101656, 102205, 102739, 103300, 103831, 104353, 104868, 105384, 105898, 106419, 106962]",0.55,0.11416273638722231,1.71572955,0.710676125,0.11572954999999992,0.06276282310073819,1.7,"[107496, 108018, 108462, 108894, 109281, 109680, 110079, 110484, 110883, 111282, 111687, 112104, 112503, 112911, 113312, 113694, 114080, 114455, 114848, 115260, 115679, 116105, 116492, 116921, 117356]",0.2999999999999998,2.4,1.6,0.7,0.06413370406559783,2.2783073999999996,0.6957684999999992,-0.12169259999999993,0.05668613341522812,1.4615384615384615,"[34747, 35215, 35641, 36019, 36493, 37030, 37558, 38077, 38590, 39106, 39640, 40201, 40774, 41326, 41872, 42430, 42969, 43518, 44048, 44579, 45116, 45644, 46208, 46745, 47276, 47812, 48334, 48865, 49399, 49921, 50461, 51028, 51565, 52120, 52675, 53223, 53778, 54332, 54884, 55409, 55958, 56513, 57062, 57614, 58172, 58712, 59243, 59762, 60287, 60803, 61328, 61853, 62387, 62899, 63412, 63946, 64498, 65020, 65599, 66145, 66691, 67225, 67780, 68311, 68839, 69367, 69882, 70422, 70977, 71502, 72027, 72564, 73107, 73698, 74280, 74850, 75426, 75972, 76524, 77064, 77607, 78138, 78666, 79209, 79737, 80274, 80802, 81330, 81873, 82452, 83004, 83556, 84087, 84609, 85158, 85704, 86247, 86793, 87351, 87888]",0.9,0.08548542011903723,1.628898075,0.9277548125000004,0.028898074999999877,0.0373309831153819,1.0588235294117647,"[126069, 126555, 126995, 127395, 127815, 128213, 128627, 129059, 129473, 129881, 130250, 130631, 131006, 131399, 131789, 132176, 132575, 132980, 133394, 133790, 134183, 134579, 134954, 135338, 135725, 136121, 136508, 136904, 137297, 137681, 138068, 138467, 138869, 139267, 139669, 140062, 140458, 140854, 141253, 141655, 142054, 142459, 142861, 143268, 143670, 144228, 144767, 145250, 145709, 146153, 146590, 146995, 147472, 147949, 148366, 148771, 149167, 149560, 149965, 150376, 150790, 151183, 151580, 151973, 152384, 152786, 153188, 153575, 153980, 154361, 154739, 155131, 155530, 155932, 156313, 156700, 157108, 157480, 157876, 158263, 158641, 159040, 159406, 159796, 160180, 160549, 160933, 161320, 161704, 162087, 162474, 162861, 163251, 163654, 164041, 164401, 164758, 165139, 165526, 165907]",0.2999999999999998,2.4,1.6,True,False,0.5,0.08700732924863812,2.2560374249999997,0.6400935624999994,-0.14396257499999995,0.045718774125897824,2.0,"[12830, 13268, 13739, 14300, 14840, 15362, 15872, 16370, 16856, 17390, 17918, 18418, 18935, 19492, 20041, 20584, 21112, 21652, 22216, 22768, 23329, 23905, 24475, 25039, 25573]",0.8,0.06238464041595728,1.6835327249999998,0.7911681875000006,0.08353272499999995,0.02726890152742419,1.1333333333333333,"[26101, 26605, 27022, 27421, 27805, 28198, 28603, 28990, 29386, 29799, 30201, 30588, 30975, 31374, 31755, 32139, 32532, 32919, 33321, 33717, 34107, 34503, 34911, 35304, 35706, 36111]",0.2999999999999998,2.4,1.6,0.06702885607042697,0.028388099800881243
9,MUH1068,15.0,2023-11-30,,,,0.55,0.15307164444204366,2.340855825,0.8521395624999997,-0.05914417499999987,0.046637263507815545,1.9,"[87892, 88267, 88768, 89320, 89866, 90400, 90868, 91384, 91926, 92458, 92982, 93471, 93922, 94428, 94914, 95394, 95889, 96420, 96972, 97539, 98091, 98607, 99099, 99594, 100092]",0.8,0.11174226017587593,1.65941115,0.8514721250000004,0.0594111499999999,0.060869424054666374,1.2666666666666666,"[100584, 101082, 101493, 101883, 102252, 102618, 102999, 103431, 103821, 104208, 104574, 104919, 105255, 105591, 105960, 106317, 106671, 107028, 107364, 107727, 108078, 108416, 108779, 109127, 109457]",0.2999999999999998,2.4,1.6,0.75,0.14611535758478283,2.29526955,0.7381738750000001,-0.10473044999999989,0.055612332721222804,1.2857142857142858,"[98232, 98685, 99078, 99453, 99900, 100365, 100845, 101361, 101862, 102384, 102918, 103425, 103929, 104409, 104927, 105410, 105875, 106355, 106844, 107354, 107831, 108307, 108781, 109246, 109726, 110065, 110416, 110761, 111229, 111670, 112150, 112623, 113073, 113511, 114078, 114672, 115107, 115590, 116055, 116640, 117102, 117582, 118017, 118446, 118944, 119424, 119871, 120357, 120830, 121274, 121718, 122264, 122807, 123317, 123863, 124388, 124898, 125426, 125930, 126458, 126977, 127460, 127955, 128441, 128918, 129458, 129917, 130379, 130858, 131323, 131776, 132285, 132804, 133320, 133815, 134337, 134919, 135494, 136019, 136520, 137030, 137492, 137975, 138485, 138962, 139493, 140006, 140582, 141059, 141590, 142057, 142525, 142996, 143467, 143971, 144484, 145012, 145519, 145996, 146497]",0.85,0.0820346238686992,1.6484409,0.8788977500000003,0.0484408999999999,0.06509890498688044,1.1875,"[31404, 31800, 32202, 32631, 33087, 33543, 33921, 34305, 34668, 35052, 35373, 35696, 36086, 36455, 36827, 37199, 37568, 37928, 38303, 38672, 39053, 39436, 39800, 40171, 40550, 40930, 41287, 41656, 42030, 42416, 42770, 43154, 43526, 43886, 44306, 44723, 45077, 45448, 45826, 46216, 46603, 46972, 47338, 47708, 48080, 48473, 48854, 49229, 49610, 49984, 50359, 50731, 51076, 51442, 51817, 52216, 52588, 52918, 53263, 53605, 53956, 54310, 54652, 55009, 55366, 55708, 56074, 56440, 56806, 57169, 57544, 57921, 58308, 58659, 59010, 59367, 59742, 60087, 60441, 60792, 61152, 61509, 61863, 62232, 62610, 62955, 63306, 63669, 64026, 64410, 64767, 65136, 65484, 65844, 66188, 66557, 66920, 67280, 67637, 67994]",0.2999999999999998,2.4,1.6,False,True,0.55,0.12650654976880546,2.3227542750000003,0.806885687500001,-0.07724572499999982,0.03809294265513471,1.8,"[11473, 11896, 12421, 12946, 13531, 14065, 14593, 15073, 15565, 16063, 16555, 17056, 17572, 18115, 18661, 19183, 19723, 20224, 20758, 21274, 21736, 22216, 22660, 23140, 23629]",0.95,0.08827773497028683,1.5851988000000001,1.037003,-0.014801200000000115,0.10910041196324893,1.0555555555555556,"[24115, 24565, 24910, 25255, 25606, 25954, 26332, 26692, 27055, 27400, 27739, 28075, 28411, 28753, 29089, 29425, 29761, 30106, 30433, 30751, 31087, 31432, 31759, 32095, 32425, 32767]",0.2999999999999998,2.4,1.6,0.16220045023344096,0.06540480075723601
10,MUH1069,16.75,2023-11-30,,,,0.9,0.10359963572163078,2.3648313750000005,0.9120784375000015,-0.03516862499999993,0.07434753857444508,1.0588235294117647,"[84623, 84997, 85519, 86032, 86500, 86956, 87484, 88012, 88531, 89041, 89566, 90055, 90538, 91030, 91516, 92005, 92527, 93052, 93553, 94057, 94546, 95014, 95503, 95968, 96484]",0.9,0.09103833365048974,1.6256001000000002,0.9359997499999997,0.02560009999999987,0.041439639635499445,1.1176470588235294,"[96976, 97441, 97822, 98200, 98557, 98908, 99265, 99613, 99955, 100297, 100630, 100984, 101332, 101674, 102010, 102349, 102682, 103024, 103354, 103687, 104020, 104356, 104695, 105040, 105388]",0.2999999999999998,2.4,1.6,0.85,0.10943392045188918,2.3846058749999997,0.9615146874999994,-0.015394124999999903,0.17487812393481034,1.0625,"[30064, 30490, 30907, 31230, 31557, 31902, 32352, 32856, 33348, 33858, 34334, 34803, 35309, 35810, 36301, 36811, 37315, 37813, 38308, 38803, 39331, 39862, 40441, 40984, 41506, 42016, 42520, 43042, 43555, 44050, 44542, 45031, 45511, 46006, 46486, 46981, 47467, 47971, 48435, 48930, 49431, 49920, 50397, 50910, 51426, 51942, 52455, 52953, 53460, 53985, 54507, 55032, 55560, 56073, 56574, 57093, 57591, 58086, 58578, 59073, 59586, 60105, 60624, 61119, 61629, 62142, 62652, 63144, 63678, 64179, 64680, 65175, 65670, 66171, 66678, 67182, 67719, 68265, 68778, 69279, 69789, 70284, 70779, 71304, 71805, 72309, 72806, 73313, 73805, 74300, 74775, 75260, 75728, 76203, 76715, 77231, 77756, 78281, 78839, 79394]",0.95,0.05525585367796719,1.669474125,0.8263146875000001,0.06947412499999986,0.027469609990854776,1.0555555555555556,"[110538, 110919, 111249, 111690, 112281, 112728, 113094, 113460, 113826, 114180, 114522, 114855, 115197, 115548, 115890, 116214, 116547, 116879, 117221, 117558, 117891, 118229, 118574, 118914, 119252, 119588, 119927, 120263, 120602, 120935, 121280, 121622, 121961, 122315, 122666, 123014, 123365, 123719, 124066, 124417, 124762, 125101, 125440, 125785, 126127, 126472, 126814, 127159, 127504, 127846, 128188, 128533, 128884, 129226, 129571, 129919, 130273, 130621, 130972, 131326, 131680, 132028, 132376, 132724, 133081, 133432, 133786, 134134, 134482, 134836, 135193, 135541, 135889, 136237, 136594, 136948, 137299, 137647, 137998, 138352, 138703, 139060, 139411, 139762, 140113, 140469, 140824, 141175, 141523, 141882, 142239, 142599, 142941, 143277, 143616, 143961, 144309, 144654, 145002, 145353]",0.2999999999999998,2.4,1.6,True,False,0.8,0.11328687409956191,2.36979975,0.9244993749999999,-0.030200249999999883,0.1698444523132147,1.2666666666666666,"[11689, 12190, 12724, 13213, 13678, 14158, 14629, 15154, 15712, 16219, 16698, 17187, 17667, 18144, 18609, 19095, 19638, 20154, 20664, 21177, 21669, 22194, 22710, 23211, 23703]",1.0,0.04074355429172848,1.586219325,1.0344516875,-0.013780675000000086,0.016776485014485427,1.0,"[24207, 24621, 24945, 25293, 25647, 25998, 26331, 26670, 27015, 27351, 27693, 28035, 28371, 28710, 29043, 29379, 29712, 30048, 30380, 30705, 31038, 31364, 31694, 32028, 32363, 32693]",0.2999999999999998,2.4,1.6,0.025002264186062027,0.02672065056711228
11,MUH1070,10.583333333333334,2023-12-01,,,,0.4,0.1630254095298511,2.2523669250000005,0.6309173125000013,-0.14763307499999986,0.2371999218966639,2.4285714285714284,"[88015, 88432, 88855, 89317, 89782, 90250, 90694, 91186, 91615, 92044, 92500, 93019, 93550, 93985, 94464, 94948, 95445, 95925, 96396, 96883, 97413, 97875, 98355, 98823, 99300]",0.3,0.26749350271604727,1.7463978,0.6340055000000001,0.14639779999999994,0.2860232588269586,2.4,"[99774, 100338, 100764, 101190, 101631, 102051, 102492, 102954, 103392, 103827, 104247, 104658, 105039, 105426, 105798, 106206, 106548, 106881, 107265, 107610, 107982, 108282, 108585, 108948, 109334]",0.2999999999999998,2.4,1.6,0.85,0.0981577337301221,2.3659701749999997,0.9149254374999995,-0.03402982499999998,0.044190170870696696,1.1875,"[98714, 99137, 99558, 100001, 100395, 100772, 101219, 101657, 102095, 102389, 103046, 103514, 103892, 104336, 104816, 105302, 105776, 106262, 106658, 107102, 107567, 108023, 108513, 108891, 109359, 109830, 110301, 110763, 111240, 111720, 112200, 112767, 113244, 113715, 114189, 114675, 115143, 115626, 116145, 116637, 117123, 117621, 118119, 118611, 119118, 119658, 120183, 120705, 121221, 121718, 122201, 122693, 123182, 123677, 124193, 124691, 125174, 125642, 126124, 126616, 127120, 127627, 128095, 128599, 129076, 129561, 130044, 130512, 130989, 131469, 132000, 132536, 133052, 133565, 134074, 134569, 135049, 135544, 136024, 136528, 137008, 137485, 137971, 138493, 139000, 139494, 140010, 140481, 140970, 141447, 141942, 142422, 142935, 143400, 143889, 144414, 144972, 145494, 145983, 146484]",0.8,0.10825268325051739,1.6774899,0.80627525,0.07748989999999993,0.13681281338799814,1.2,"[32618, 33005, 33386, 33785, 34247, 34679, 35102, 35483, 35966, 36424, 36862, 37315, 37738, 38095, 38491, 38911, 39280, 39763, 40147, 40552, 40951, 41331, 41731, 42123, 42555, 42969, 43362, 43743, 44127, 44502, 44901, 45312, 45699, 46098, 46500, 46905, 47298, 47643, 47985, 48318, 48645, 48975, 49290, 49596, 49920, 50241, 50562, 50886, 51255, 51621, 51993, 52335, 52706, 53066, 53432, 53819, 54190, 54544, 54910, 55315, 55725, 56160, 56565, 56832, 57153, 57555, 57921, 58317, 58692, 59088, 59466, 59829, 60183, 60519, 60858, 61227, 61599, 61977, 62337, 62700, 63087, 63489, 63861, 64233, 64617, 65010, 65376, 65724, 66060, 66405, 66747, 67101, 67443, 67776, 68115, 68454, 68799, 69144, 69477, 69819]",0.2999999999999998,2.4,1.6,False,True,0.2,0.5796197947237408,1.790378025,-0.5240549374999999,-0.609621975,0.44932634549379075,5.333333333333333,"[13540, 13948, 14380, 14835, 15300, 15766, 16243, 16717, 17208, 17700, 18154, 18594, 19081, 19566, 20013, 20487, 20946, 21519, 22035, 22566, 23112, 23604, 24099, 24600, 25077]",0.8,0.08201768201804105,1.6869068249999999,0.7827329375000005,0.08690682499999991,0.20652781579717736,1.2666666666666666,"[25552, 26022, 26472, 26910, 27303, 27663, 28044, 28401, 28761, 29109, 29475, 29838, 30204, 30573, 30942, 31302, 31647, 32010, 32367, 32724, 33057, 33399, 33738, 34065, 34410, 34749]",0.2999999999999998,2.4,1.6,0.0553766953705805,0.03328390700215677
12,MUH1071,10.583333333333334,2023-12-01,,,,0.35,0.2621229830493443,2.2393003499999997,0.5982508749999994,-0.16069964999999992,0.09436659280518427,1.5,"[78574, 78985, 79360, 79720, 80110, 80500, 80905, 81388, 81778, 82168, 82567, 82933, 83341, 83752, 84343, 84820, 85288, 85720, 86173, 86647, 87136, 87628, 88084, 88528, 88981]",0.35,0.19368077597758368,1.8298401000000002,0.42539974999999963,0.22984009999999994,0.04280978351583988,2.5,"[89419, 89893, 90256, 90628, 91003, 91378, 91735, 92044, 92335, 92644, 92989, 93319, 93661, 94006, 94366, 94774, 95167, 95557, 95977, 96394, 96760, 97063, 97354, 97738, 98122]",0.2999999999999998,2.4,1.6,0.0,0.3056082518569482,2.0066985749999997,0.01674643749999927,-0.3933014249999999,0.06591975181059312,,"[32672, 33116, 33560, 33989, 34403, 34871, 35279, 35729, 36215, 36701, 37157, 37604, 38057, 38507, 38972, 39419, 39911, 40364, 40766, 41204, 41660, 42116, 42557, 43025, 43505, 43973, 44426, 44858, 45347, 45833, 46319, 46787, 47249, 47708, 48161, 48617, 49076, 49529, 49997, 50432, 50855, 51347, 51773, 52220, 52676, 53087, 53492, 53873, 54323, 54770, 55262, 55739, 56201, 56699, 57188, 57662, 58157, 58636, 59120, 59573, 60044, 60491, 60970, 61423, 61909, 62362, 62833, 63270, 63736, 64186, 64630, 65077, 65530, 65971, 66408, 66822, 67257, 67668, 68094, 68463, 68934, 69390, 69753, 70110, 70482, 70822, 71178, 71565, 72063, 72519, 72903, 73299, 73671, 74058, 74442, 74820, 75177, 75531, 75903, 76296]",0.65,0.12417371021662821,1.7216109,0.6959727500000003,0.12161089999999992,0.06084979561517997,1.25,"[108023, 108416, 108779, 109118, 109520, 109991, 110435, 110905, 111331, 111733, 112110, 112515, 112881, 113223, 113589, 113966, 114290, 114645, 114983, 115368, 115760, 116138, 116477, 116813, 117173, 117500, 117860, 118253, 118646, 119024, 119399, 119777, 120146, 120521, 120929, 121316, 121704, 122088, 122475, 122848, 123213, 123637, 124045, 124449, 124821, 125190, 125580, 125935, 126300, 126693, 127074, 127437, 127812, 128247, 128655, 129087, 129501, 129852, 130221, 130602, 130983, 131346, 131697, 132009, 132321, 132621, 132936, 133230, 133551, 133881, 134223, 134562, 134904, 135279, 135639, 135993, 136338, 136728, 137133, 137559, 137877, 138180, 138504, 138855, 139224, 139569, 139893, 140220, 140535, 140838, 141138, 141459, 141786, 142107, 142443, 142797, 143154, 143514, 143874, 144237]",0.2999999999999998,2.4,1.6,True,False,0.95,0.09954985349702399,2.3874471,0.9686177500000006,-0.012552899999999912,0.06322195352900989,1.0555555555555556,"[11403, 11820, 12306, 12774, 13263, 13743, 14247, 14739, 15210, 15684, 16163, 16623, 17088, 17580, 18057, 18531, 18996, 19473, 19911, 20352, 20787, 21222, 21672, 22134, 22605]",0.8,0.13184437728380605,1.6676207250000001,0.8309481874999999,0.06762072499999995,0.06345524732627436,1.0666666666666667,"[23049, 23493, 23910, 24231, 24555, 24903, 25248, 25587, 25890, 26217, 26547, 26847, 27147, 27450, 27750, 28044, 28356, 28692, 29046, 29382, 29691, 30024, 30348, 30675, 31026, 31410]",0.2999999999999998,2.4,1.6,0.1245636584712599,0.1023280893417384
13,MUH1072,15.25,2023-12-05,,,,0.95,0.08053993415627654,2.3850718499999997,0.9626796249999994,-0.014928149999999895,0.039313112764758275,1.0555555555555556,"[88915, 89323, 89793, 90307, 90823, 91347, 91867, 92418, 92913, 93441, 93981, 94500, 95013, 95550, 96078, 96621, 97158, 97686, 98235, 98781, 99267, 99786, 100305, 100799, 101291]",0.7,0.10195834799188447,1.66618005,0.8345498750000004,0.0661800499999999,0.16994630018914172,1.3846153846153846,"[101798, 102269, 102695, 103124, 103502, 103862, 104216, 104594, 104984, 105362, 105734, 106085, 106448, 106772, 107123, 107450, 107765, 108101, 108458, 108833, 109211, 109577, 109919, 110276, 110660]",0.2999999999999998,2.4,1.6,0.7,0.07588120446610161,2.3203389000000003,0.800847250000001,-0.0796610999999999,0.08632528322451813,1.4615384615384615,"[98109, 98547, 99003, 99488, 99818, 100109, 100478, 100904, 101300, 101639, 101951, 102242, 102596, 103097, 103604, 104108, 104661, 105156, 105632, 106126, 106591, 107053, 107554, 108049, 108491, 108987, 109515, 110063, 110576, 111071, 111536, 112022, 112486, 112946, 113453, 113939, 114505, 115045, 115580, 116129, 116711, 117224, 117737, 118238, 118742, 119237, 119726, 120209, 120695, 121175, 121670, 122174, 122702, 123202, 123715, 124238, 124743, 125259, 125799, 126288, 126789, 127279, 127770, 128276, 128792, 129298, 129796, 130288, 130765, 131281, 131788, 132301, 132802, 133303, 133825, 134359, 134858, 135412, 135901, 136405, 136903, 137387, 137879, 138392, 138899, 139406, 139922, 140438, 140936, 141446, 141950, 142442, 142949, 143438, 143930, 144428, 144926, 145439, 145940, 146453]",0.95,0.08222391529975363,1.6295913000000002,0.9260217499999998,0.029591299999999897,0.17060816831604814,1.0555555555555556,"[33188, 33614, 34054, 34546, 34945, 35290, 35665, 35998, 36304, 36631, 36964, 37321, 37675, 38034, 38421, 38763, 39079, 39433, 39778, 40141, 40516, 40876, 41242, 41596, 41959, 42328, 42667, 43027, 43399, 43751, 44093, 44435, 44786, 45131, 45479, 45815, 46156, 46495, 46822, 47146, 47494, 47854, 48211, 48583, 48955, 49320, 49665, 50004, 50358, 50745, 51117, 51477, 51842, 52209, 52583, 52952, 53312, 53663, 54023, 54392, 54764, 55142, 55502, 55854, 56226, 56584, 56941, 57331, 57685, 58015, 58363, 58709, 59039, 59372, 59705, 60050, 60410, 60746, 61070, 61406, 61742, 62111, 62462, 62813, 63169, 63523, 63862, 64213, 64561, 64903, 65254, 65595, 65959, 66313, 66659, 67008, 67352, 67700, 68045, 68387]",0.2999999999999998,2.4,1.6,False,True,1.0,0.05979785360553461,2.37276975,0.9319243749999997,-0.027230249999999945,0.06662379434550261,1.0,"[12054, 12492, 12951, 13491, 13995, 14511, 15015, 15516, 16044, 16563, 17067, 17583, 18099, 18600, 19104, 19626, 20139, 20652, 21171, 21702, 22209, 22719, 23253, 23787, 24327]",0.8,0.09172485966913785,1.612878075,0.9678048125000002,0.012878074999999944,0.15585232968550322,1.2666666666666666,"[24864, 25353, 25722, 26037, 26373, 26679, 27009, 27348, 27678, 28014, 28374, 28737, 29103, 29454, 29796, 30159, 30498, 30813, 31146, 31488, 31833, 32178, 32523, 32874, 33249, 33612]",0.2999999999999998,2.4,1.6,0.03207396623804378,0.029950964931321305
14,MUH1073,17.666666666666668,2023-12-05,,,,0.35,0.1721414941746897,2.1793097999999995,0.4482744999999989,-0.22069019999999986,0.5988079990374422,2.6666666666666665,"[78092, 78461, 78838, 79198, 79597, 79981, 80368, 80779, 81190, 81595, 82015, 82468, 82900, 83317, 83728, 84139, 84550, 84955, 85375, 85774, 86209, 86608, 86995, 87460, 87946]",0.75,0.09935887349320885,1.65824055,0.8543986250000004,0.05824054999999989,0.27924065706619594,1.2857142857142858,"[88423, 88849, 89233, 89582, 89938, 90271, 90601, 90940, 91231, 91525, 91837, 92137, 92455, 92767, 93088, 93415, 93733, 94057, 94372, 94690, 94999, 95305, 95632, 95953, 96289]",0.2999999999999998,2.4,1.6,0.9,0.05571379798485622,2.3349148500000005,0.8372871250000016,-0.06508514999999988,0.017191834017884794,1.1176470588235294,"[30217, 30601, 30999, 31440, 31824, 32235, 32634, 33041, 33454, 33869, 34211, 34655, 35066, 35471, 35882, 36278, 36671, 37081, 37474, 37895, 38293, 38689, 39103, 39536, 39974, 40388, 40816, 41260, 41697, 42141, 42570, 43008, 43443, 43869, 44300, 44720, 45163, 45622, 46093, 46531, 46978, 47428, 47862, 48309, 48738, 49188, 49651, 50136, 50619, 51117, 51591, 52059, 52519, 52965, 53409, 53850, 54290, 54752, 55226, 55688, 56132, 56582, 57035, 57470, 57914, 58361, 58793, 59237, 59678, 60111, 60557, 61031, 61508, 61967, 62423, 62885, 63323, 63762, 64215, 64662, 65124, 65564, 66005, 66443, 66887, 67349, 67790, 68261, 68714, 69170, 69622, 70066, 70498, 70936, 71370, 71802, 72225, 72669, 73110, 73560]",0.85,0.08502954555606192,1.6679201249999998,0.8301996875000008,0.06792012499999991,0.050360471276580734,1.0625,"[106052, 106424, 106778, 107147, 107528, 107900, 108260, 108632, 109037, 109451, 109823, 110168, 110510, 110912, 111218, 111494, 111767, 112072, 112398, 112720, 113034, 113349, 113670, 113979, 114294, 114615, 114933, 115260, 115578, 115893, 116212, 116520, 116829, 117138, 117459, 117771, 118074, 118386, 118710, 119028, 119349, 119673, 119988, 120315, 120639, 120954, 121268, 121580, 121889, 122210, 122527, 122836, 123157, 123481, 123796, 124114, 124431, 124749, 125064, 125385, 125698, 126009, 126323, 126644, 126965, 127295, 127625, 127949, 128264, 128582, 128894, 129206, 129527, 129848, 130166, 130486, 130801, 131116, 131437, 131759, 132077, 132386, 132677, 132980, 133292, 133607, 133913, 134237, 134558, 134885, 135209, 135527, 135842, 136166, 136490, 136811, 137132, 137450, 137765, 138092]",0.2999999999999998,2.4,1.6,True,False,0.95,0.07386404782416847,2.35382745,0.8845686249999998,-0.04617254999999989,0.03547337727582813,1.0555555555555556,"[10425, 10794, 11190, 11634, 12105, 12573, 13053, 13527, 14004, 14460, 14904, 15348, 15789, 16227, 16668, 17112, 17547, 17991, 18420, 18843, 19284, 19728, 20169, 20598, 21036]",0.9,0.08132599936423436,1.624188225,0.9395294375000004,0.024188224999999886,0.09836335500074031,1.0588235294117647,"[21492, 21909, 22236, 22533, 22851, 23162, 23486, 23789, 24095, 24416, 24725, 25034, 25346, 25658, 25973, 26282, 26597, 26906, 27221, 27530, 27842, 28145, 28451, 28763, 29072, 29375]",0.2999999999999998,2.4,1.6,0.05687047420349076,0.01717090284996709
15,MUH1074,9.25,2023-12-06,,,,0.45,0.1714715082098957,2.2222837500000003,0.555709375000001,-0.1777162499999999,0.31200197752967584,2.0,"[82382, 82793, 83171, 83558, 83947, 84356, 84725, 85118, 85526, 85918, 86317, 86701, 87133, 87559, 87976, 88399, 88849, 89281, 89722, 90163, 90604, 91081, 91546, 91978, 92434]",0.35,0.2176542556500099,1.8150314250000001,0.46242143749999975,0.21503142499999991,0.05590056728207419,2.8333333333333335,"[92872, 93304, 93706, 94075, 94450, 94801, 95116, 95437, 95767, 96115, 96436, 96784, 97159, 97555, 97924, 98287, 98638, 99025, 99385, 99745, 100090, 100453, 100798, 101155, 101494]",0.2999999999999998,2.4,1.6,0.55,0.4672187567262952,2.384920125,0.9623003124999998,-0.01507987499999992,0.23710432659065575,1.9,"[95682, 96069, 96435, 96876, 97293, 97707, 98127, 98541, 98967, 99417, 99858, 100302, 100716, 101142, 101571, 102003, 102438, 102885, 103308, 103719, 104100, 104484, 104877, 105237, 105561, 105912, 106245, 106566, 106863, 107151, 107475, 107865, 108288, 108696, 109086, 109308, 109629, 110022, 110463, 110883, 111288, 111678, 112209, 112577, 112979, 113372, 113783, 114221, 114593, 114908, 115250, 115679, 116102, 116531, 116954, 117401, 117860, 118328, 118778, 119240, 119669, 120059, 120484, 120928, 121381, 121861, 122332, 122824, 123319, 123778, 124309, 124831, 125344, 125872, 126367, 126859, 127348, 127789, 128209, 128443, 128827, 129229, 129589, 129940, 130279, 130810, 131308, 131788, 132442, 132925, 133357, 133861, 134383, 134863, 135349, 135791, 136253, 136712, 137177, 137627]",0.4,0.08688977262398244,1.7793894000000001,0.5515264999999998,0.1793893999999999,0.07298019553254873,1.7142857142857142,"[31589, 31973, 32360, 32758, 33248, 33670, 34037, 34423, 34931, 35461, 35968, 36367, 36763, 37132, 37530, 37928, 38250, 38616, 39069, 39501, 39981, 40317, 40683, 41046, 41394, 41757, 42120, 42600, 43107, 43506, 43866, 44223, 44571, 44928, 45291, 45645, 45996, 46356, 46715, 47060, 47417, 47771, 48110, 48458, 48797, 49151, 49499, 49829, 50180, 50546, 50906, 51275, 51611, 51986, 52355, 52721, 53216, 53598, 53985, 54594, 54984, 55374, 55746, 56121, 56505, 56892, 57270, 57681, 58026, 58395, 58745, 59078, 59429, 59786, 60155, 60494, 60887, 61286, 61667, 62009, 62360, 62705, 63029, 63368, 63701, 64031, 64367, 64700, 65036, 65381, 65738, 66083, 66452, 66797, 67133, 67486, 67831, 68173, 68509, 68865]",0.2999999999999998,2.4,1.6,False,True,0.3,0.3238234499371807,2.204936325,0.5123408124999996,-0.1950636749999999,0.3020039317494575,2.4,"[11313, 11712, 12126, 12561, 12996, 13413, 13848, 14265, 14709, 15132, 15558, 15984, 16410, 16836, 17268, 17700, 18117, 18537, 18939, 19362, 19794, 20274, 20685, 21087, 21474]",0.45,0.23931997509904446,1.7239854750000003,0.6900363124999993,0.1239854749999999,0.06909531866534732,2.375,"[21912, 22374, 22773, 23127, 23484, 23823, 24171, 24519, 24885, 25236, 25587, 25962, 26334, 26706, 27078, 27453, 27861, 28224, 28554, 28863, 29142, 29427, 29706, 29994, 30285, 30564]",0.2999999999999998,2.4,1.6,0.12038419060857522,0.04854633151244765
16,MUH1075,7.583333333333333,2023-12-06,,,,0.2,0.42465447192960604,1.908260625,-0.22934843749999995,-0.491739375,0.3434757539488528,3.3333333333333335,"[73007, 73304, 73583, 73859, 74195, 74477, 74750, 75008, 75284, 75545, 75812, 76082, 76412, 76891, 77365, 77863, 78259, 78646, 79009, 79345, 79669, 80023, 80374, 80722, 81037]",0.35,0.4185294049020198,1.717592925,0.7060176875000003,0.11759292499999989,0.31763568383152424,3.0,"[81340, 81622, 81913, 82240, 82582, 82921, 83245, 83587, 84115, 84443, 84730, 85042, 85360, 85660, 85954, 86254, 86536, 86842, 87193, 87535, 87862, 88159, 88440, 88777, 89106]",0.2999999999999998,2.4,1.6,0.05,0.28032598479099086,1.595898225,-1.0102544375000002,-0.8041017749999998,0.1473554650273561,,"[21754, 22156, 22489, 22852, 23206, 23605, 23959, 24331, 24703, 25102, 25456, 25821, 26269, 26606, 26951, 27287, 27599, 27941, 28232, 28550, 28813, 29020, 29236, 29413, 29620, 29833, 30034, 30238, 30454, 30709, 31174, 31543, 31893, 32231, 32591, 32923, 33245, 33548, 33851, 34149, 34443, 34770, 35076, 35420, 35717, 35987, 36320, 36611, 36872, 37160, 37466, 37799, 38135, 38429, 38723, 39020, 39358, 39688, 40024, 40546, 40840, 41139, 41436, 41769, 42057, 42351, 42655, 42937, 43213, 43521, 43839, 44117, 44381, 44669, 44950, 45186, 45467, 45881, 46181, 46478, 46766, 47021, 47339, 47621, 47951, 48239, 48524, 48818, 49097, 49400, 49673, 49970, 50273, 50633, 51014, 51376, 51613, 51889, 52168, 52423]",0.05,0.23217159297078407,2.132319525,-0.3307988125000006,0.5323195249999999,0.07876658762204572,,"[75329, 75573, 75927, 76260, 76575, 76925, 77234, 77594, 77879, 78185, 78494, 78767, 79097, 79385, 79691, 79985, 80237, 80534, 80845, 81127, 81775, 82051, 82351, 82609, 82882, 83161, 83410, 83683, 83968, 84229, 84493, 84757, 85020, 85292, 85559, 85832, 86090, 86398, 86680, 86923, 87187, 87475, 87748, 88039, 88324, 88591, 88870, 89134, 89389, 89614, 89848, 90148, 90421, 90697, 90984, 91272, 91563, 91875, 92244, 92615, 93008, 93353, 93644, 94117, 94393, 94699, 94963, 95218, 95520, 96030, 96369, 97080, 97437, 97818, 98157, 98451, 98874, 99219, 99608, 99956, 100364, 100703, 101057, 101400, 101763, 102152, 102548, 102944, 103337, 103772, 104144, 104570, 104995, 105393, 105812, 106199, 106607, 107009, 107354, 107684]",0.2999999999999998,2.4,1.6,True,False,0.05,0.4513624333988533,1.64788395,-0.8802901250000003,-0.7521160499999999,0.27191209095378654,,"[9730, 10118, 10385, 10715, 11102, 11462, 11846, 12203, 12467, 12797, 13118, 13406, 13694, 13985, 14225, 14497, 14675, 14900, 15155, 15437, 15770, 16112, 16436, 16814, 17219]",0.1,0.15739006648896867,1.962397575,0.09400606250000001,0.36239757499999986,0.13178236423314496,7.0,"[17636, 18026, 18395, 18788, 19178, 19571, 19976, 20333, 20666, 20998, 21367, 21769, 22118, 22487, 22846, 23218, 23566, 23869, 24223, 24646, 24982, 25333, 25720, 26104, 26485, 26794]",0.2999999999999998,2.4,1.6,0.16536977757213311,0.08717461764127822
17,MUH1078,10.416666666666666,2023-12-08,,,,0.25,0.57846497923786,1.37046,-3.1476999999999973,-0.8295400000000003,1.6943124590843144,3.75,"[76907, 77300, 77701, 78094, 78508, 78913, 79327, 79631, 80872, 81277, 81659, 82051, 82459, 83242, 83633, 84797, 85208, 86069, 86504, 86972, 87422, 87785, 88232, 90039, 90371]",0.0,0.9968655959753301,1.488531,2.557345,-0.3114690000000001,0.5121359050959231,,"[91013, 91856, 92237, 94028, 94406]",0.2999999999999998,2.2,1.8,0.35,0.31787126245974073,2.1224952750000003,0.3062381875000009,-0.2775047249999999,0.3128873165503595,3.0,"[253, 254, 255, 256, 257, 258, 259, 260, 261, 262, 263, 264, 265, 266, 267, 268, 269, 270, 271, 272, 273, 274, 275, 276, 277, 278, 279, 280, 281, 282, 283, 284, 285, 286, 287, 288, 289, 290, 291, 292, 293, 294, 295, 296, 297, 298, 299, 300, 301, 302, 303, 304, 305, 306, 307, 308, 309, 310, 311, 312, 313, 314, 315, 316, 317, 318, 319, 320, 321, 322, 323, 324, 325, 326, 327, 328, 329, 330, 331, 332, 333, 334, 335, 336, 337, 338, 339, 340, 341, 342, 343, 344, 345, 346, 347, 348, 349, 350, 351, 352]",0.4,0.2843551722275655,1.7688186000000001,0.5779534999999998,0.16881859999999999,0.2608329279688455,2.5714285714285716,"[78, 79, 80, 81, 82, 83, 84, 85, 86, 87, 88, 89, 90, 91, 92, 93, 94, 95, 96, 97, 98, 99, 100, 101, 102, 103, 104, 105, 106, 107, 108, 109, 110, 111, 112, 113, 114, 115, 116, 117, 118, 119, 120, 121, 122, 123, 124, 125, 126, 127, 128, 129, 130, 131, 132, 133, 134, 135, 136, 137, 138, 139, 140, 141, 142, 143, 144, 145, 146, 147, 148, 149, 150, 151, 152, 153, 154, 155, 156, 157, 158, 159, 160, 161, 162, 163, 164, 165, 166, 167, 168, 169, 170, 171, 172, 173, 174, 175, 176, 177]",0.2999999999999998,2.4,1.6,False,True,0.4666666666666667,0.5985479300128234,1.7457013000000001,,-0.25429870000000004,0.32302255832959215,2.0,"[0, 763, 1153, 1540, 1933, 2347, 2770, 3163, 3562, 3967, 4369, 4762, 10249, 10511, 12638]",0.4666666666666667,0.5985479300128234,1.7457013000000001,,-0.25429870000000004,0.32302255832959215,2.0,"[0, 763, 1153, 1540, 1933, 2347, 2770, 3163, 3562, 3967, 4369, 4762, 10249, 10511, 12638]",0.2999999999999998,2.0,2.0,0.12560203123059524,0.06697538725599944
18,MUH1079,15.333333333333334,2023-12-12,,,,0.75,0.10797177499699925,2.3155126499999996,0.7887816249999993,-0.08448734999999985,0.07318665605989341,1.2857142857142858,"[78456, 78816, 79214, 79638, 80105, 80576, 81050, 81539, 82001, 82475, 82934, 83387, 83834, 84281, 84731, 85169, 85601, 86036, 86495, 86930, 87364, 87802, 88225, 88663, 89092]",0.8,0.11347640520551303,1.7100754500000002,0.7248113749999997,0.11007544999999992,0.030161071988301247,1.2666666666666666,"[89524, 89935, 90280, 90622, 90961, 91309, 91657, 92005, 92338, 92677, 93016, 93348, 93693, 94026, 94359, 94688, 95009, 95333, 95656, 95986, 96316, 96673, 96997, 97336, 97693]",0.2999999999999998,2.4,1.6,1.0,0.07461657230984536,2.401060575,1.0026514374999997,0.001060575000000119,0.054595208338700144,1.0,"[88818, 89175, 89460, 89748, 90129, 90509, 90789, 91056, 91332, 91672, 92007, 92385, 92839, 93329, 93793, 94246, 94708, 95158, 95650, 96133, 96601, 97077, 97542, 98004, 98457, 98904, 99329, 99772, 100216, 100676, 101150, 101609, 102055, 102517, 103006, 103496, 103934, 104354, 104836, 105308, 105769, 106248, 106713, 107211, 107679, 108153, 108642, 109146, 109623, 110084, 110561, 111017, 111463, 111904, 112342, 112792, 113233, 113667, 114126, 114582, 115038, 115497, 115956, 116455, 116934, 117399, 117871, 118332, 118776, 119244, 119712, 120162, 120621, 121064, 121540, 122000, 122462, 122948, 123418, 123885, 124362, 124853, 125322, 125817, 126291, 126764, 127238, 127721, 128225, 128708, 129176, 129631, 130090, 130546, 130999, 131457, 131901, 132360, 132801, 133245]",0.7,0.19955340564410454,1.69482885,0.7629278750000004,0.09482884999999992,0.0961414461239738,1.0769230769230769,"[28174, 28546, 28890, 29208, 29537, 29879, 30203, 30535, 30868, 31201, 31530, 31857, 32181, 32526, 32869, 33175, 33494, 33808, 34116, 34434, 34743, 35051, 35380, 35704, 36027, 36342, 36669, 36995, 37310, 37638, 37960, 38284, 38608, 38929, 39247, 39565, 39871, 40186, 40507, 40837, 41157, 41482, 41827, 42150, 42471, 42786, 43116, 43458, 43797, 44118, 44445, 44781, 45087, 45405, 45755, 46115, 46487, 46811, 47141, 47473, 47815, 48142, 48472, 48811, 49162, 49477, 49813, 50149, 50497, 50821, 51166, 51484, 51811, 52147, 52474, 52800, 53130, 53450, 53780, 54095, 54413, 54746, 55082, 55415, 55745, 56075, 56415, 56739, 57072, 57405, 57753, 58062, 58377, 58707, 59043, 59376, 59676, 59985, 60339, 60651]",0.2999999999999998,2.4,1.6,False,True,0.95,0.07631058350455246,2.3815641000000003,0.953910250000001,-0.01843589999999986,0.042853260129603256,1.0555555555555556,"[10862, 11243, 11666, 12101, 12545, 12977, 13424, 13898, 14366, 14852, 15314, 15775, 16237, 16681, 17125, 17566, 18001, 18442, 18897, 19414, 19882, 20404, 20929, 21393, 21860]",1.0,0.06773802675953629,1.623699225,0.9407519375000003,0.02369922499999989,0.03418061653433727,1.0,"[22316, 22742, 23111, 23438, 23759, 24101, 24452, 24791, 25133, 25457, 25783, 26102, 26410, 26725, 27031, 27352, 27676, 27994, 28315, 28639, 28960, 29281, 29587, 29890, 30190, 30487]",0.2999999999999998,2.4,1.6,0.05340006034271174,0.028904063955217996
19,MUH1080,15.666666666666666,2023-12-15,,,,0.9,0.0636146269274017,2.3442000750000003,0.8605001875000009,-0.05579992499999993,0.02729103604961452,1.0,"[82731, 83141, 83648, 84116, 84581, 85043, 85493, 85967, 86459, 86942, 87431, 87914, 88391, 88874, 89351, 89822, 90296, 90782, 91280, 91766, 92249, 92732, 93217, 93713, 94195]",0.85,0.08003043926811455,1.6523340000000002,0.8691649999999997,0.052333999999999894,0.04010394548695968,1.0,"[94699, 95155, 95533, 95893, 96262, 96628, 96958, 97300, 97627, 97963, 98296, 98629, 98959, 99280, 99616, 99958, 100288, 100615, 100948, 101281, 101608, 101947, 102307, 102667, 103042]",0.2999999999999998,2.4,1.6,0.95,0.057210321999359444,2.3251979250000003,0.812994812500001,-0.07480207499999988,0.06951818183575073,1.0555555555555556,"[31695, 32100, 32469, 32801, 33157, 33472, 33934, 34411, 34720, 35041, 35416, 35842, 36286, 36733, 37201, 37666, 38128, 38608, 39058, 39522, 39984, 40479, 40956, 41439, 41919, 42411, 42921, 43402, 43930, 44418, 44871, 45348, 45828, 46311, 46782, 47244, 47724, 48198, 48666, 49152, 49620, 50115, 50577, 51054, 51522, 51978, 52452, 52920, 53388, 53862, 54333, 54798, 55251, 55677, 56181, 56661, 57138, 57615, 58059, 58503, 58998, 59484, 59970, 60470, 60947, 61427, 61907, 62375, 62849, 63365, 63868, 64334, 64786, 65261, 65717, 66193, 66652, 67114, 67570, 68103, 68610, 69078, 69537, 70002, 70476, 70947, 71427, 71898, 72363, 72831, 73305, 73782, 74241, 74709, 75174, 75642, 76131, 76605, 77088, 77565]",0.95,0.054833972515430825,1.6877618249999997,0.7805954375000009,0.08776182499999992,0.026416804818553352,1.0555555555555556,"[111124, 111544, 111949, 112345, 112771, 113184, 113547, 113901, 114250, 114597, 114951, 115320, 115683, 116046, 116523, 116843, 117125, 117434, 117755, 118064, 118382, 118697, 119021, 119354, 119681, 120005, 120332, 120659, 120985, 121312, 121645, 121972, 122305, 122638, 122959, 123292, 123631, 123958, 124297, 124624, 124954, 125287, 125611, 125950, 126289, 126617, 126952, 127273, 127609, 127942, 128284, 128623, 128956, 129295, 129643, 129976, 130315, 130648, 130984, 131335, 131677, 132013, 132364, 132704, 133053, 133394, 133745, 134096, 134431, 134797, 135166, 135487, 135832, 136168, 136508, 136850, 137186, 137543, 137897, 138265, 138619, 138940, 139273, 139609, 139951, 140278, 140617, 140968, 141319, 141673, 142009, 142363, 142714, 143068, 143416, 143755, 144097, 144436, 144784, 145126]",0.2999999999999998,2.4,1.6,True,False,0.65,0.09952831382490265,2.305415775,0.7635394375000006,-0.09458422499999994,0.09650157800768469,1.5833333333333333,"[11135, 11522, 12005, 12494, 12968, 13433, 13907, 14384, 14840, 15305, 15827, 16310, 16763, 17231, 17675, 18131, 18589, 19078, 19525, 20005, 20461, 20935, 21409, 21874, 22360]",0.95,0.07465960464385224,1.5877135500000001,1.0307161249999999,-0.01228645000000007,0.052708270402038813,1.0555555555555556,"[22846, 23287, 23596, 23902, 24217, 24529, 24844, 25165, 25492, 25813, 26122, 26437, 26749, 27061, 27400, 27730, 28030, 28351, 28684, 29020, 29341, 29677, 29998, 30328, 30655, 31021]",0.2999999999999998,2.4,1.6,0.037934139193794555,0.02212247788444697
20,MUH1081,10.416666666666666,2024-01-17,,,,0.5,0.18301463678357452,2.34018795,0.8504698749999997,-0.059812049999999915,0.15587877869608285,1.8888888888888888,"[82498, 82861, 83326, 83794, 84313, 84820, 85318, 85765, 86254, 86776, 87256, 87724, 88195, 88675, 89254, 89767, 90247, 90694, 91135, 91558, 91963, 92679, 93096, 93514, 93942]",0.8,0.09091518758935657,1.6585552500000003,0.8536118749999996,0.05855524999999987,0.09361052164806248,1.2,"[94347, 94783, 95106, 95437, 95745, 96078, 96444, 96792, 97156, 97485, 97815, 98145, 98481, 98823, 99171, 99525, 99861, 100185, 100509, 100845, 101193, 101535, 101874, 102207, 102534]",0.2999999999999998,2.4,1.6,0.65,0.17702553267153898,2.3194923000000003,0.7987307500000009,-0.08050769999999988,0.2779393125296975,1.5833333333333333,"[93636, 94116, 94530, 94973, 95498, 96020, 96503, 96953, 97346, 97784, 98195, 98699, 99173, 99677, 100163, 100700, 101216, 101636, 102094, 102577, 103081, 103510, 103960, 104413, 104818, 105262, 105690, 106235, 106715, 107176, 107611, 108018, 108483, 108915, 109359, 109809, 110241, 110700, 111189, 111627, 112077, 112536, 112992, 113391, 113838, 114366, 114858, 115344, 115779, 116235, 116706, 117144, 117615, 118035, 118578, 119058, 119514, 119958, 120390, 120882, 121350, 121803, 122259, 122772, 123260, 123737, 124175, 124634, 125093, 125627, 126122, 126533, 127045, 127540, 128077, 128605, 129058, 129565, 130024, 130471, 130972, 131392, 131782, 132175, 132583, 133033, 133549, 134074, 134593, 135085, 135583, 136063, 136531, 136993, 137431, 137895, 138405, 138885, 139375, 139831]",0.65,0.16079682246001273,1.6812720000000003,0.7968199999999994,0.08127199999999993,0.27711389964820654,1.5,"[30216, 30588, 31004, 31421, 31793, 32165, 32507, 32867, 33234, 33603, 33987, 34368, 34734, 35091, 35436, 35784, 36120, 36474, 36837, 37206, 37533, 37871, 38225, 38522, 38838, 39185, 39521, 39847, 40203, 40545, 40887, 41244, 41604, 41967, 42308, 42668, 43048, 43372, 43741, 44122, 44506, 44904, 45297, 45663, 46017, 46365, 46695, 47019, 47367, 47733, 48081, 48426, 48798, 49170, 49536, 49875, 50205, 50568, 50916, 51246, 51585, 51939, 52311, 52686, 53052, 53407, 53753, 54083, 54437, 54800, 55154, 55508, 55843, 56171, 56504, 56855, 57194, 57533, 57866, 58192, 58531, 58858, 59203, 59549, 59890, 60233, 60643, 61001, 61346, 61685, 62018, 62354, 62690, 63041, 63380, 63704, 64043, 64378, 64708, 65056]",0.2999999999999998,2.4,1.6,False,True,0.05,0.7255277249179876,1.09026375,-2.2743406250000002,-1.3097362499999998,0.7853384180728089,,"[10993, 11434, 11908, 12340, 12841, 13345, 13807, 14287, 14737, 15190, 15718, 16165, 16627, 17068, 17614, 18127, 18604, 19072, 19506, 19992, 20394, 20808, 21240, 21648, 22050]",0.0,0.14498118288613354,0.536801625,3.6579959375000013,-1.063198375,1.0462492780451957,,"[22449, 22860, 23301, 23841]",0.2999999999999998,2.4,1.6,0.08350036316685791,0.10043668827737628
21,MUH1082,11.75,2024-01-17,,,,0.35,0.2611467360765984,2.34898725,0.8724681250000001,-0.0510127499999999,0.4685190550049791,1.8333333333333333,"[77887, 78223, 78625, 79036, 79486, 79978, 80479, 80968, 81370, 81775, 82213, 82708, 83152, 83584, 84013, 84445, 84883, 85315, 85720, 86140, 86566, 86968, 87361, 87976, 88434]",0.9,0.115387536128999,1.5570824999999997,1.107293750000001,-0.04291750000000014,0.17326718462856663,1.0,"[88860, 89238, 89635, 89992, 90336, 90663, 90993, 91294, 91587, 91884, 92163, 92427, 92700, 92970, 93258, 93540, 93819, 94104, 94398, 94659, 95004, 95304, 95592, 95847, 96135]",0.2999999999999998,2.4,1.6,0.2,0.40448370550868773,2.2737159750000004,0.6842899375000012,-0.1262840249999999,0.5585946112377707,4.0,"[28264, 28642, 29039, 29398, 29776, 30094, 30376, 30643, 30942, 31288, 31710, 32034, 32382, 32804, 33303, 33779, 34235, 34685, 35138, 35591, 36019, 36400, 36778, 37168, 37540, 37960, 38404, 38890, 39388, 39850, 40330, 40966, 41329, 41716, 42115, 42502, 42868, 43207, 43554, 43911, 44514, 44997, 45435, 45822, 46182, 46539, 46998, 47310, 47664, 48090, 48528, 49002, 49473, 49911, 50340, 50763, 51180, 51597, 52056, 52503, 52959, 53355, 53736, 54075, 54405, 54747, 55170, 55557, 55983, 56462, 56978, 57461, 57902, 58339, 58859, 59318, 59773, 60178, 60575, 60973, 61375, 61774, 62175, 62547, 62903, 63314, 63713, 64118, 64523, 64943, 65414, 65891, 66347, 66839, 67340, 67784, 68171, 68575, 68977, 69610]",0.8,0.11422331705143896,1.6369923749999997,0.9075190625000009,0.03699237499999991,0.2706095932478666,1.2,"[94164, 94485, 94884, 95243, 95573, 95894, 96230, 96566, 96932, 97259, 97588, 97954, 98311, 98617, 98923, 99226, 99538, 99841, 100156, 100480, 100798, 101110, 101422, 101746, 102054, 102384, 102714, 103041, 103344, 103641, 103947, 104268, 104586, 104904, 105210, 105531, 105842, 106190, 106475, 106769, 107066, 107369, 107696, 108017, 108344, 108662, 108935, 109205, 109487, 109775, 110063, 110342, 110629, 110911, 111205, 111484, 111784, 112066, 112363, 112663, 112989, 113307, 113643, 113940, 114231, 114528, 114852, 115173, 115482, 115792, 116117, 116437, 116732, 117032, 117334, 117617, 117916, 118220, 118532, 118837, 119122, 119428, 119737, 120037, 120328, 120628, 120943, 121255, 121582, 121900, 122200, 122506, 122820, 123134, 123440, 123770, 124082, 124378, 124681, 124984]",0.2999999999999998,2.4,1.6,True,False,0.6,0.1785108476068844,2.2742964750000003,0.6857411875000009,-0.12570352499999993,0.7934773022425776,1.4545454545454546,"[9911, 10277, 10715, 11387, 11780, 12164, 12638, 13040, 13484, 13922, 14333, 14741, 15167, 15611, 16070, 16514, 16928, 17354, 17801, 18271, 18718, 19160, 19574, 19975, 20383]",0.6,0.27694471279832145,1.61936505,0.951587375,0.019365049999999894,0.503450233543402,1.5454545454545454,"[20800, 21151, 21481, 21814, 22159, 22471, 22768, 23062, 23359, 23638, 23896, 24154, 24412, 24688, 24976, 25252, 25516, 25798, 26068, 26467, 26803, 27139, 27550, 27844, 28186, 28516]",0.2999999999999998,2.4,1.6,0.13050986380925933,0.12805343129483004
22,MUH1083,16.583333333333332,2024-01-23,,,,0.6,0.13123468496982152,2.269835625,0.6745890624999996,-0.1301643749999999,0.1389558575848516,1.6363636363636365,"[81769, 82173, 82593, 83004, 83409, 83823, 84243, 84648, 85053, 85464, 85860, 86259, 86676, 87087, 87507, 87927, 88335, 88758, 89172, 89598, 90030, 90462, 90891, 91308, 91719]",0.05,0.20933736823416704,2.2408301249999996,-0.602075312499999,0.6408301249999998,0.1207945014274266,,"[92127, 92535, 92895, 93270, 93648, 94047, 94439, 94826, 95246, 95681, 96122, 96533, 96971, 97402, 97825, 98230, 98611, 99022, 99463, 99874, 100300, 100738, 101182, 101590, 102013]",0.2999999999999998,2.4,1.6,1.0,0.05073717939471585,2.3598282,0.8995705,-0.04017179999999989,0.042698407504468495,1.0,"[104250, 104706, 105156, 105612, 106056, 106518, 106974, 107414, 107870, 108320, 108756, 109198, 109618, 110038, 110461, 110869, 111258, 111677, 112099, 112492, 112894, 113311, 113722, 114145, 114565, 114987, 115410, 115824, 116253, 116682, 117132, 117561, 117987, 118428, 118868, 119306, 119745, 120204, 120651, 121112, 121561, 121999, 122437, 122872, 123285, 123726, 124122, 124526, 124930, 125331, 125742, 126156, 126587, 127012, 127458, 127915, 128350, 128797, 129241, 129694, 130147, 130594, 131050, 131503, 131947, 132388, 132838, 133297, 133747, 134187, 134616, 135057, 135492, 135928, 136375, 136813, 137241, 137670, 138108, 138543, 138989, 139430, 139871, 140321, 140756, 141188, 141614, 142064, 142508, 142939, 143380, 143812, 144247, 144680, 145120, 145555, 145989, 146424, 146859, 147288]",0.05,0.2017927524480383,2.09473665,-0.23684162500000056,0.49473664999999983,0.2258805888042475,,"[31986, 32391, 32814, 33191, 33593, 34010, 34430, 34856, 35243, 35636, 36023, 36422, 36848, 37264, 37689, 38118, 38535, 38955, 39347, 39731, 40112, 40508, 40910, 41336, 41773, 42223, 42643, 43015, 43411, 43801, 44167, 44524, 44925, 45344, 45761, 46175, 46631, 47062, 47503, 47899, 48279, 48732, 49194, 49650, 50070, 50544, 50946, 51364, 51796, 52195, 52585, 52990, 53373, 53795, 54222, 54582, 54957, 55311, 55698, 56055, 56403, 56798, 57155, 57556, 57946, 58297, 58732, 59152, 59532, 59940, 60332, 60713, 61102, 61474, 61885, 62272, 62625, 63000, 63393, 63777, 64158, 64545, 64977, 65377, 65764, 66145, 66545, 66983, 67367, 67757, 68153, 68570, 68957, 69353, 69773, 70202, 70616, 71018, 71423, 71782]",0.2999999999999998,2.4,1.6,False,True,0.65,0.11334436485587443,2.30186865,0.7546716249999998,-0.09813134999999992,0.19193403279088211,1.4166666666666667,"[11082, 11475, 11886, 12273, 12637, 13023, 13443, 13848, 14277, 14700, 15114, 15552, 15978, 16392, 16794, 17229, 17649, 18075, 18522, 18939, 19335, 19752, 20166, 20577, 20985]",0.0,0.19069679130587022,2.2293594750000003,-0.5733986875000009,0.629359475,0.13783286251724522,,"[21387, 21810, 22203, 22599, 23013, 23433, 23832, 24195, 24627, 25056, 25461, 25860, 26259, 26669, 27116, 27563, 27992, 28427, 28874, 29291, 29672, 30052, 30490, 30931, 31363, 31816]",0.2999999999999998,2.4,1.6,0.04817263167209466,0.06673035320457779
23,MUH1084,15.166666666666666,2024-01-26,,,,0.8,0.10090766990189073,2.3767456499999997,0.9418641249999995,-0.023254349999999934,0.15135333246270205,1.2,"[89257, 89677, 90196, 90730, 91278, 91791, 92355, 92886, 93467, 94013, 94532, 95048, 95555, 96086, 96593, 97112, 97622, 98171, 98657, 99191, 99713, 100250, 100789, 101300, 101792]",0.85,0.11272306255147703,1.6071303000000001,0.9821742499999999,0.007130299999999923,0.05845545694264583,1.125,"[102283, 102748, 103108, 103477, 103885, 104221, 104569, 104911, 105265, 105607, 105970, 106315, 106666, 107017, 107398, 107718, 108054, 108420, 108795, 109143, 109509, 109842, 110196, 110571, 110946]",0.2999999999999998,2.4,1.6,0.9,0.09950745816323465,2.34152865,0.8538216249999999,-0.05847134999999992,0.10543128375066683,1.1176470588235294,"[101819, 102332, 102809, 103301, 103793, 104342, 104876, 105436, 105974, 106502, 107036, 107570, 108116, 108679, 109248, 109823, 110362, 110890, 111406, 111952, 112471, 112987, 113512, 114022, 114532, 115042, 115593, 116155, 116726, 117308, 117881, 118438, 118981, 119530, 120096, 120629, 121149, 121662, 122188, 122698, 123229, 123762, 124278, 124800, 125321, 125849, 126359, 126869, 127400, 127889, 128381, 128891, 129392, 129910, 130416, 130926, 131439, 131943, 132444, 132936, 133457, 133961, 134480, 135005, 135512, 136037, 136555, 137059, 137572, 138087, 138600, 139101, 139617, 140141, 140660, 141185, 141709, 142231, 142756, 143276, 143786, 144320, 144826, 145339, 145849, 146358, 146874, 147375, 147888, 148400, 148904, 149408, 149897, 150415, 150958, 151597, 152107, 152602, 153088, 153603]",1.0,0.045727595301235255,1.5923991750000002,1.0190020624999998,-0.0076008250000001,0.06953914238979594,1.0,"[35708, 36107, 36430, 36763, 37111, 37494, 37971, 38527, 38965, 39320, 39658, 40000, 40339, 40681, 41014, 41361, 41695, 42042, 42389, 42748, 43078, 43417, 43771, 44137, 44491, 44845, 45208, 45543, 45882, 46221, 46566, 46902, 47256, 47612, 47950, 48292, 48640, 49000, 49360, 49717, 50077, 50440, 50831, 51259, 51849, 52290, 52637, 52997, 53407, 53818, 54196, 54592, 54990, 55387, 55750, 56100, 56478, 56814, 57144, 57486, 57831, 58182, 58527, 58863, 59214, 59570, 59918, 60272, 60614, 60968, 61316, 61663, 62001, 62337, 62688, 63033, 63375, 63726, 64092, 64443, 64788, 65126, 65477, 65837, 66188, 66551, 66899, 67256, 67616, 67990, 68323, 68668, 68998, 69337, 69670, 70026, 70364, 70718, 71080, 71433]",0.2999999999999998,2.4,1.6,False,True,0.85,0.07917885608521483,2.3886606,0.9716515000000006,-0.011339399999999934,0.1453672970190884,1.125,"[12513, 12951, 13455, 13995, 14526, 15051, 15566, 16088, 16625, 17144, 17683, 18205, 18742, 19249, 19759, 20272, 20788, 21295, 21799, 22360, 22903, 23422, 23950, 24463, 25009]",1.0,0.07646783839948317,1.5898086,1.0254785000000002,-0.010191400000000106,0.06183260960320651,1.0,"[25524, 26001, 26391, 26751, 27114, 27477, 27837, 28194, 28533, 28875, 29211, 29562, 29910, 30264, 30603, 30969, 31302, 31647, 31971, 32310, 32661, 33000, 33351, 33714, 34062, 34416]",0.2999999999999998,2.4,1.6,0.04427488442734737,0.04486230024772608
24,MUH1085,17.916666666666668,2024-01-26,,,,0.8,0.09761277083340918,2.303819775,0.7595494375000003,-0.09618022499999992,0.1418690927487949,1.1333333333333333,"[85693, 86101, 86581, 87115, 87664, 88165, 88666, 89134, 89632, 90112, 90574, 91081, 91585, 92065, 92569, 93054, 93555, 94044, 94569, 95037, 95505, 95973, 96486, 96981, 97479]",0.95,0.08112111484450762,1.6054047,0.9864882500000002,0.0054046999999999845,0.04006193230797705,1.0555555555555556,"[97971, 98472, 98819, 99146, 99500, 99851, 100210, 100572, 100921, 101268, 101637, 101988, 102315, 102645, 102975, 103308, 103644, 103980, 104331, 104667, 105009, 105351, 105672, 106005, 106341]",0.2999999999999998,2.4,1.6,0.6,0.17291952833567284,2.3317161,0.8292902500000001,-0.06828389999999993,0.20242723948373653,1.6363636363636365,"[33058, 33495, 33864, 34233, 34631, 35041, 35341, 35719, 36199, 36714, 37236, 37722, 38223, 38757, 39312, 39836, 40340, 40858, 41381, 41891, 42380, 42887, 43400, 43913, 44407, 44890, 45364, 45849, 46344, 46851, 47322, 47811, 48273, 48750, 49232, 49719, 50220, 50733, 51235, 51742, 52129, 52554, 52902, 53244, 53727, 54275, 54805, 55294, 55795, 56278, 56791, 57334, 57838, 58345, 58843, 59350, 59860, 60358, 60863, 61364, 61856, 62357, 62867, 63353, 63848, 64322, 64816, 65296, 65785, 66261, 66731, 67235, 67701, 68158, 68615, 69172, 69709, 70233, 70751, 71261, 71756, 72257, 72779, 73245, 73737, 74256, 74739, 75200, 75650, 76130, 76678, 77227, 77741, 78284, 78818, 79355, 79856, 80357, 80893, 81373]",0.7,0.12004963166643773,1.6804172999999998,0.7989567500000008,0.08041729999999994,0.035343547364309204,1.3846153846153846,"[118589, 119030, 119458, 119884, 120361, 120877, 121368, 121794, 122163, 122547, 122928, 123279, 123630, 123987, 124352, 124724, 125081, 125438, 125797, 126154, 126511, 126871, 127255, 127605, 127959, 128334, 128702, 129091, 129442, 129796, 130150, 130507, 130855, 131212, 131581, 131923, 132298, 132652, 132997, 133351, 133717, 134071, 134431, 134803, 135163, 135532, 135904, 136288, 136674, 137034, 137405, 137768, 138125, 138476, 138839, 139199, 139556, 139931, 140285, 140648, 141008, 141380, 141734, 142091, 142451, 142820, 143192, 143531, 143869, 144232, 144580, 144940, 145304, 145663, 146032, 146417, 146762, 147143, 147503, 147847, 148222, 148588, 148927, 149305, 149670, 150048, 150381, 150714, 151098, 151449, 151794, 152160, 152493, 152837, 153191, 153575, 153937, 154302, 154659, 155010]",0.2999999999999998,2.4,1.6,True,False,0.75,0.12232564358354694,2.3519119500000003,0.879779875000001,-0.048088049999999896,0.1583258858220835,1.3571428571428572,"[11936, 12392, 12938, 13462, 13961, 14471, 14971, 15451, 15946, 16459, 16984, 17467, 17977, 18457, 18943, 19423, 19942, 20434, 20926, 21427, 21958, 22465, 22972, 23491, 24010]",1.0,0.07356594273577026,1.58167305,1.0458173750000002,-0.01832695000000013,0.03849545635720279,1.0,"[24526, 24958, 25291, 25621, 25954, 26287, 26629, 26968, 27322, 27661, 28000, 28342, 28669, 29001, 29346, 29677, 29995, 30327, 30666, 31002, 31341, 31686, 32028, 32388, 32733, 33069]",0.2999999999999998,2.4,1.6,0.0685502055589432,0.038377086009314686
25,MUH1086,17.75,2024-02-02,6.0,6.0,6.0,0.6,0.12456233707523348,2.2609670250000002,0.6524175625000007,-0.13903297499999992,0.0641772892645763,1.7272727272727273,"[83880, 84249, 84690, 85134, 85551, 86001, 86475, 86922, 87345, 87766, 88203, 88653, 89064, 89502, 89940, 90360, 90852, 91233, 91656, 92094, 92571, 93039, 93507, 93963, 94421]",0.45,0.1816993010270624,1.7550009749999997,0.6124975625000008,0.15500097499999999,0.06322449226345236,1.625,"[94862, 95327, 95753, 96215, 96623, 97025, 97387, 97750, 98110, 98479, 98833, 99190, 99544, 99922, 100261, 100600, 100936, 101269, 101548, 101938, 102262, 102586, 102934, 103291, 103674]",0.2999999999999998,2.4,1.6,0.95,0.055194819616971355,2.3340424499999997,0.8351061249999994,-0.06595754999999992,0.05587786120281284,1.0555555555555556,"[31516, 31939, 32383, 32794, 33223, 33667, 34108, 34573, 35029, 35476, 35926, 36379, 36856, 37312, 37765, 38221, 38650, 39115, 39586, 39958, 40513, 41005, 41470, 41947, 42415, 42895, 43375, 43843, 44302, 44752, 45196, 45685, 46156, 46621, 47062, 47533, 47977, 48436, 48904, 49348, 49797, 50238, 50733, 51226, 51681, 52152, 52621, 53056, 53515, 53980, 54442, 54889, 55318, 55798, 56275, 56755, 57238, 57703, 58192, 58687, 59161, 59632, 60097, 60568, 61033, 61486, 61936, 62389, 62850, 63309, 63753, 64212, 64656, 65127, 65604, 66077, 66548, 67010, 67485, 67947, 68406, 68853, 69303, 69750, 70215, 70676, 71135, 71601, 72058, 72517, 72969, 73430, 73892, 74339, 74783, 75236, 75698, 76152, 76613, 77072]",0.6,0.18646175371476104,1.7497926,0.6255185000000003,0.1497925999999999,0.08399392329421601,1.6363636363636365,"[110191, 110575, 110992, 111424, 111820, 112204, 112576, 112945, 113347, 113760, 114213, 114621, 114987, 115332, 115669, 116005, 116323, 116671, 117004, 117321, 117645, 117999, 118347, 118650, 119070, 119430, 119814, 120189, 120549, 120909, 121302, 121710, 122070, 122418, 122758, 123106, 123455, 123797, 124121, 124436, 124751, 125071, 125413, 125758, 126088, 126448, 126787, 127111, 127447, 127807, 128139, 128454, 128763, 129087, 129411, 129726, 130048, 130356, 130674, 130992, 131313, 131649, 131976, 132300, 132618, 132936, 133257, 133563, 133887, 134214, 134508, 134835, 135153, 135474, 135783, 136101, 136431, 136773, 137118, 137466, 137799, 138117, 138435, 138753, 139098, 139446, 139788, 140130, 140460, 140835, 141192, 141567, 141951, 142347, 142749, 143076, 143397, 143724, 144039, 144384]",0.2999999999999998,2.4,1.6,True,False,0.9,0.05051886641253833,2.31657465,0.7914366250000007,-0.08342534999999988,0.08402516164847049,1.1176470588235294,"[10591, 10972, 11380, 11824, 12292, 12751, 13201, 13630, 14107, 14557, 14989, 15454, 15901, 16372, 16831, 17287, 17731, 18181, 18634, 19120, 19570, 20038, 20482, 20928, 21381]",0.65,0.21329575086490507,1.6933069499999998,0.7667326250000008,0.0933069499999999,0.05422115992698199,1.1666666666666667,"[21846, 22278, 22692, 23061, 23403, 23751, 24102, 24384, 24759, 25107, 25425, 25749, 26061, 26367, 26685, 26988, 27297, 27624, 27942, 28263, 28584, 28917, 29265, 29634, 30039, 30522]",0.2999999999999998,2.4,1.6,0.04094576801168215,0.02252053981026225
26,MUH1087,13.166666666666666,2024-02-02,8.0,6.0,6.0,0.9,0.09987434600345459,2.381817225,0.9545430624999998,-0.018182774999999853,0.08166965305753268,1.0588235294117647,"[93005, 93431, 93893, 94370, 94880, 95399, 95948, 96533, 97127, 97694, 98234, 98768, 99278, 99842, 100409, 100952, 101507, 102047, 102587, 103127, 103685, 104246, 104816, 105362, 105929]",0.7,0.1172938888840201,1.5624813,1.0937967500000003,-0.037518700000000085,0.27473558450432456,1.4615384615384615,"[106499, 107027, 107420, 107831, 108230, 108575, 108926, 109264, 109606, 109954, 110276, 110611, 110929, 111286, 111664, 112030, 112378, 112741, 113110, 113482, 113869, 114256, 114631, 114997, 115366]",0.2999999999999998,2.4,1.6,0.55,0.06409949132711382,2.2581345,0.6453362500000005,-0.14186549999999984,0.11863556903260501,1.8,"[103778, 104231, 104687, 105023, 105422, 105932, 106439, 106949, 107468, 107999, 108548, 109091, 109646, 110165, 110699, 111205, 111724, 112234, 112741, 113275, 113821, 114397, 114946, 115495, 116041, 116547, 117066, 117585, 118125, 118635, 119172, 119682, 120198, 120705, 121236, 121725, 122238, 122742, 123270, 123756, 124266, 124818, 125427, 126054, 126609, 127170, 127689, 128211, 128751, 129255, 129768, 130317, 130827, 131316, 131823, 132327, 132864, 133404, 133923, 134427, 134964, 135510, 136068, 136650, 137214, 137784, 138294, 138813, 139340, 139856, 140339, 140888, 141425, 141965, 142514, 143050, 143587, 144118, 144634, 145135, 145639, 146158, 146668, 147187, 147690, 148184, 148688, 149225, 149740, 150265, 150754, 151306, 151846, 152356, 152851, 153355, 153901, 154432, 154945, 155449]",0.8,0.0738588169189954,1.6882164000000004,0.7794589999999992,0.08821639999999994,0.1248674324580723,1.2,"[34111, 34549, 35002, 35476, 35914, 36310, 36667, 36991, 37315, 37681, 38035, 38407, 38764, 39118, 39481, 39868, 40266, 40659, 41064, 41496, 41903, 42293, 42683, 43076, 43472, 43862, 44234, 44609, 44987, 45368, 45755, 46139, 46517, 46901, 47276, 47660, 48053, 48446, 48812, 49181, 49562, 49955, 50324, 50687, 51041, 51404, 51800, 52192, 52555, 52930, 53299, 53671, 54016, 54364, 54721, 55075, 55450, 55831, 56200, 56563, 56929, 57286, 57661, 58036, 58423, 58795, 59161, 59539, 59926, 60301, 60682, 61060, 61444, 61819, 62185, 62560, 62938, 63321, 63693, 64089, 64473, 64863, 65259, 65655, 66042, 66435, 66816, 67191, 67572, 67965, 68328, 68703, 69060, 69450, 69840, 70230, 70623, 70998, 71397, 71790]",0.2999999999999998,2.4,1.6,False,True,0.8,0.11058605267669382,2.366937825,0.9173445625000001,-0.0330621749999999,0.07164533831302648,1.2666666666666666,"[12117, 12588, 13074, 13557, 14082, 14622, 15141, 15732, 16296, 16830, 17394, 17961, 18507, 19044, 19605, 20160, 20709, 21243, 21759, 22281, 22851, 23400, 23940, 24474, 24993]",0.8,0.11767514450318187,1.6217128500000002,0.9457178749999997,0.021712849999999905,0.1814416279247896,1.2666666666666666,"[25527, 26016, 26391, 26757, 27134, 27522, 27864, 28202, 28538, 28865, 29195, 29540, 29915, 30275, 30659, 31046, 31415, 31802, 32198, 32588, 32954, 33332, 33698, 34076, 34478, 34862]",0.2999999999999998,2.4,1.6,0.049172917582230136,0.03499145138930203
27,MUH1088,15.583333333333334,2024-02-08,8.0,8.0,6.0,0.55,0.12347753879308322,2.32136265,0.8034066250000007,-0.07863734999999983,0.2231980960301351,1.8,"[77909, 78260, 78644, 79046, 79514, 79895, 80309, 80726, 81161, 81635, 82100, 82547, 83003, 83432, 83873, 84308, 84740, 85160, 85583, 85991, 86420, 86843, 87302, 87758, 88195]",0.9,0.045252533175270435,1.6779696000000002,0.8050759999999998,0.0779695999999999,0.04098748241145136,1.0588235294117647,"[88642, 89078, 89408, 89740, 90073, 90406, 90730, 91045, 91363, 91678, 91996, 92320, 92638, 92962, 93280, 93601, 93922, 94240, 94567, 94891, 95209, 95530, 95869, 96196, 96520]",0.2999999999999998,2.4,1.6,0.95,0.060213235766840796,2.4678802499999994,1.1697006249999988,0.06788025000000011,0.08959944341684312,1.0555555555555556,"[85228, 85596, 85863, 86124, 86457, 86820, 87180, 87564, 87948, 88323, 88716, 89187, 89643, 90060, 90408, 90663, 90987, 91401, 91791, 92229, 92604, 93030, 93450, 93933, 94365, 94767, 95187, 95631, 96069, 96513, 96942, 97383, 97827, 98271, 98703, 99128, 99572, 99968, 100226, 100487, 100790, 101192, 101579, 101899, 102246, 102582, 102783, 103023, 103245, 103575, 103959, 104349, 104736, 105153, 105546, 105972, 106397, 106895, 107372, 107851, 108334, 108817, 109300, 109768, 110226, 110704, 111202, 111670, 112138, 112621, 113093, 113557, 114013, 114484, 114958, 115417, 115867, 116323, 116785, 117247, 117715, 118189, 118663, 119145, 119625, 120108, 120567, 121038, 121497, 121962, 122432, 122897, 123377, 123830, 124289, 124745, 125216, 125686, 126133, 126586]",1.0,0.05020891049244964,1.6449753750000002,0.8875615624999996,0.044975374999999894,0.05511440063835281,1.0,"[27489, 27816, 28140, 28491, 28842, 29148, 29472, 29808, 30141, 30474, 30798, 31107, 31417, 31734, 32058, 32382, 32704, 33030, 33360, 33675, 33975, 34269, 34584, 34905, 35220, 35529, 35844, 36159, 36472, 36786, 37098, 37401, 37707, 38028, 38355, 38664, 38973, 39285, 39591, 39900, 40209, 40527, 40830, 41139, 41463, 41784, 42096, 42420, 42741, 43056, 43383, 43704, 44022, 44364, 44712, 45063, 45321, 45675, 46062, 46422, 46794, 47208, 47529, 47862, 48207, 48549, 48872, 49190, 49490, 49781, 50072, 50360, 50656, 50938, 51220, 51505, 51796, 52105, 52408, 52711, 53023, 53320, 53635, 53950, 54265, 54580, 54901, 55219, 55531, 55843, 56146, 56455, 56770, 57085, 57400, 57715, 58036, 58348, 58669, 58987]",0.2999999999999998,2.4,1.6,False,True,0.7,0.15305199602744238,2.3861853,0.9654632500000007,-0.01381469999999998,0.15054733385849897,1.4615384615384615,"[10535, 10919, 11357, 11813, 12251, 12677, 13124, 13541, 13997, 14465, 14915, 15368, 15809, 16241, 16679, 17120, 17564, 18104, 18623, 19112, 19568, 20009, 20456, 20873, 21302]",1.0,0.04960608680348214,1.6032338249999998,0.9919154375000008,0.003233824999999946,0.04606116759669785,1.0,"[21731, 22129, 22405, 22702, 23044, 23368, 23692, 24013, 24325, 24634, 24937, 25243, 25540, 25843, 26143, 26446, 26767, 27076, 27388, 27679, 27967, 28255, 28552, 28858, 29155, 29461]",0.2999999999999998,2.4,1.6,0.0780900713793941,0.03458756359250486
28,MUH1089,15.583333333333334,2024-02-08,6.0,8.0,4.0,0.1,0.07245251946076928,2.1741763500000006,0.4354408750000017,-0.22582364999999988,0.060105868301186936,15.0,"[203, 204, 205, 206, 207, 208, 209, 210, 211, 212, 213, 214, 215, 216, 217, 218, 219, 220, 221, 222, 223, 224, 225, 226, 227]",0.05,0.11354862640280226,1.9673498999999999,0.08162525000000033,0.3673498999999999,0.06233238231280591,,"[228, 229, 230, 231, 232, 233, 234, 235, 236, 238, 240, 241, 242, 243, 244, 245, 246, 247, 248, 249, 250, 251, 252, 253, 254]",0.2999999999999998,2.4,1.6,0.0,0.1169554424651672,1.9374459749999997,-0.15638506250000075,-0.4625540249999999,0.07734291682233486,,"[34122, 34569, 34995, 35428, 35851, 36271, 36700, 37138, 37555, 37966, 38371, 38779, 39187, 39595, 40018, 40438, 40861, 41290, 41716, 42130, 42544, 42961, 43396, 43840, 44275, 44716, 45148, 45592, 46024, 46416, 46848, 47271, 47644, 48051, 48489, 48909, 49371, 49797, 50229, 50679, 51114, 51513, 51914, 52310, 52733, 53159, 53561, 53960, 54386, 54788, 55190, 55598, 56018, 56444, 56876, 57290, 57725, 58148, 58574, 58964, 59360, 59780, 60191, 60613, 61045, 61493, 61921, 62338, 62749, 63178, 63612, 64017, 64422, 64857, 65292, 65711, 66146, 66578, 67004, 67445, 67883, 68300, 68729, 69140, 69545, 69956, 70376, 70787, 71180, 71576, 71993, 72401, 72797, 73202, 73623, 74052, 74475, 74898, 75324, 75749]",0.8,0.07542621940205432,1.6757254500000003,0.8106863749999995,0.07572544999999992,0.24277724223495648,1.2,"[107944, 108364, 108784, 109162, 109549, 109927, 110308, 110692, 111052, 111436, 111802, 112158, 112548, 112917, 113271, 113655, 114018, 114375, 114750, 115119, 115482, 115863, 116232, 116613, 116994, 117351, 117732, 118083, 118458, 118833, 119204, 119570, 119960, 120332, 120689, 121028, 121400, 121778, 122150, 122507, 122900, 123281, 123632, 124007, 124372, 124741, 125086, 125473, 125836, 126187, 126550, 126919, 127285, 127649, 128024, 128405, 128756, 129107, 129470, 129839, 130193, 130535, 130898, 131249, 131615, 131990, 132359, 132722, 133085, 133447, 133828, 134194, 134569, 134920, 135277, 135646, 136022, 136385, 136769, 137135, 137489, 137840, 138203, 138575, 138941, 139322, 139697, 140051, 140417, 140780, 141137, 141491, 141842, 142232, 142586, 142955, 143306, 143666, 144029, 144398]",0.2999999999999998,2.4,1.6,True,False,0.5,0.11178063886894725,2.23174035,0.5793508749999999,-0.1682596499999999,0.13787233510439748,1.5555555555555556,"[11259, 11670, 12102, 12569, 13004, 13442, 13913, 14369, 14834, 15272, 15734, 16208, 16673, 17153, 17633, 18095, 18572, 19046, 19532, 20003, 20483, 20957, 21446, 21935, 22421]",0.9,0.06119115851860741,1.6989488249999998,0.7526279375000008,0.09894882499999992,0.1362726185483038,1.0,"[22895, 23378, 23783, 24185, 24547, 24910, 25288, 25663, 26020, 26371, 26728, 27100, 27463, 27817, 28177, 28543, 28921, 29287, 29653, 30016, 30379, 30739, 31093, 31459, 31825, 32203]",0.2999999999999998,2.4,1.6,0.048104613802176094,0.02736596580049605
29,MUH1090,9.166666666666666,2024-02-09,4.0,4.0,6.0,0.35,0.2466779974392824,2.191679625,0.4791990624999999,-0.20832037499999992,0.629851169892952,2.0,"[80791, 81166, 81526, 81898, 82360, 82744, 83200, 83632, 84061, 84484, 84871, 85234, 85615, 85990, 86404, 86926, 87397, 87817, 88249, 88642, 89014, 89392, 89770, 90151, 90529]",0.4,0.24874613991997838,1.7015292000000002,0.7461769999999996,0.10152919999999996,0.15934075898044608,1.8571428571428572,"[90916, 91249, 91549, 91930, 92313, 92622, 92940, 93288, 93627, 93981, 94290, 94578, 94914, 95232, 95547, 95859, 96207, 96558, 96918, 97236, 97551, 97884, 98235, 98592, 98907]",0.2999999999999998,2.4,1.6,0.4,0.2923003731044252,2.162351775,0.4058794374999998,-0.2376482249999999,0.6288665681655089,2.5714285714285716,"[29301, 29712, 30090, 30444, 30758, 31118, 31511, 31880, 32405, 32816, 33194, 33524, 33860, 34229, 34556, 34907, 35273, 35645, 36140, 36605, 37058, 37391, 37753, 38157, 38721, 39105, 39537, 39914, 40274, 40762, 41263, 41697, 42123, 42516, 42995, 43499, 43973, 44378, 44822, 45286, 45739, 46267, 46789, 47236, 47655, 48078, 48528, 48927, 49329, 49722, 50100, 50700, 51204, 51681, 52215, 52644, 53013, 53409, 53772, 54144, 54702, 55043, 55567, 56038, 56530, 56995, 57451, 57949, 58393, 58828, 59221, 59590, 60016, 60403, 60790, 61173, 61576, 61969, 62457, 62861, 63272, 63698, 64151, 64583, 65039, 65465, 65858, 66247, 66606, 66957, 67335, 67728, 68112, 68502, 68883, 69294, 69678, 70098, 70533, 70896]",0.5,0.16168128147340036,1.718790225,0.7030244375000001,0.11879022499999992,0.15249228518640995,2.0,"[101877, 102225, 102594, 102939, 103284, 103632, 103932, 104262, 104586, 104915, 105248, 105575, 105908, 106247, 106637, 107018, 107357, 107696, 108008, 108335, 108643, 108949, 109274, 109603, 109930, 110246, 110536, 110848, 111151, 111460, 111772, 112093, 112408, 112724, 113051, 113366, 113681, 113999, 114320, 114653, 114983, 115379, 115700, 116009, 116312, 116606, 116918, 117224, 117514, 117817, 118117, 118486, 118834, 119121, 119397, 119679, 119976, 120288, 120663, 121068, 121422, 121761, 122067, 122412, 122745, 123053, 123357, 123653, 123960, 124253, 124547, 124844, 125151, 125444, 125732, 126011, 126332, 126650, 126974, 127274, 127585, 127907, 128225, 128527, 128833, 129148, 129463, 129813, 130164, 130503, 130794, 131100, 131418, 131760, 132084, 132384, 132678, 133035, 133350, 133677]",0.2999999999999998,2.4,1.6,True,False,0.3,0.34966418237913793,2.2958761500000002,0.7396903750000007,-0.1041238499999999,0.48128675211892,3.6,"[9748, 10084, 10486, 10870, 11233, 11581, 12067, 12577, 13036, 13597, 14092, 14437, 14845, 15241, 15634, 16162, 16600, 17017, 17461, 17893, 18229, 18589, 18964, 19411, 19846]",0.8,0.12994312462731736,1.6444431000000002,0.8888922499999998,0.04444309999999989,0.0904552869078536,1.2666666666666666,"[20296, 20713, 21082, 21403, 21703, 21991, 22309, 22684, 23044, 23356, 23644, 23956, 24262, 24565, 24871, 25183, 25486, 25777, 26068, 26371, 26665, 26970, 27276, 27576, 27891, 28212]",0.2999999999999998,2.4,1.6,0.16455998645097203,0.10676514787439113
30,MUH1091,11.833333333333334,2024-02-16,,,,0.55,0.3700698851027464,2.451224025,1.1280600625000006,0.0512240250000001,0.4222423567152044,1.9,"[75247, 75595, 75940, 76285, 76771, 77143, 77548, 77911, 78324, 78723, 79155, 79584, 80034, 80679, 81132, 81555, 82116, 82620, 83058, 83469, 83880, 84291, 84693, 85077, 85497]",0.45,0.20455012248554788,1.7908766999999997,0.522808250000001,0.19087669999999995,0.12709518605040787,1.25,"[85875, 86271, 86649, 87027, 87372, 87717, 88023, 88338, 88659, 88974, 89292, 89568, 89874, 90177, 90477, 90783, 91095, 91410, 91740, 92136, 92523, 92829, 93174, 93618, 94059]",0.2999999999999998,2.4,1.6,0.6,0.1760519068609921,2.2992123749999998,0.7480309374999995,-0.10078762499999991,0.31093683950689055,1.6363636363636365,"[80799, 81198, 81585, 81960, 82409, 82832, 83237, 83612, 83963, 84418, 84841, 85309, 85777, 86215, 86640, 87075, 87540, 87986, 88424, 88871, 89327, 89771, 90184, 90587, 91007, 91418, 91810, 92204, 92599, 93029, 93463, 93892, 94318, 94714, 95142, 95556, 95949, 96354, 96771, 97173, 97581, 97983, 98415, 98862, 99302, 99721, 100144, 100540, 100905, 101304, 101715, 102126, 102513, 102915, 103326, 103734, 104133, 104532, 104931, 105312, 105711, 106107, 106518, 106983, 107448, 107919, 108327, 108744, 109155, 109554, 109953, 110385, 110856, 111299, 111773, 112256, 112720, 113191, 113627, 114023, 114443, 114899, 115337, 115751, 116161, 116562, 116946, 117326, 117725, 118109, 118505, 118877, 119320, 119800, 120203, 120599, 120977, 121367, 121763, 122159]",0.65,0.20590897314816942,1.7244447749999998,0.6888880625000006,0.12444477499999988,0.09774383375870957,1.25,"[25922, 26231, 26576, 26927, 27278, 27572, 27863, 28169, 28478, 28784, 29093, 29402, 29714, 30023, 30356, 30662, 30953, 31271, 31579, 31886, 32182, 32494, 32800, 33130, 33469, 33781, 34063, 34378, 34711, 35047, 35410, 35708, 36067, 36469, 36787, 37099, 37408, 37729, 38053, 38431, 38809, 39141, 39438, 39717, 40014, 40302, 40599, 40896, 41205, 41513, 41807, 42090, 42386, 42693, 42995, 43290, 43583, 43898, 44231, 44567, 44911, 45262, 45586, 45862, 46186, 46471, 46762, 47044, 47347, 47653, 47950, 48241, 48532, 48814, 49108, 49429, 49792, 50170, 50611, 51093, 51474, 51788, 52199, 52583, 52883, 53195, 53501, 53810, 54121, 54427, 54727, 55042, 55369, 55675, 55960, 56248, 56527, 56812, 57100, 57382]",0.2999999999999998,2.4,1.6,False,True,0.6,0.1947986161581804,2.4495942,1.1239855,0.0495942000000001,0.2404644726112924,1.6363636363636365,"[10125, 10500, 10866, 11235, 11640, 12171, 12654, 13146, 13575, 13992, 14415, 14817, 15261, 15750, 16194, 16614, 17034, 17442, 17844, 18321, 18831, 19281, 19695, 20124, 20544]",0.7,0.13892316254435874,1.6280502000000001,0.9298744999999999,0.02805019999999996,0.09889631256224475,1.4615384615384615,"[20955, 21375, 21690, 22002, 22323, 22629, 22887, 23163, 23463, 23733, 23970, 24240, 24519, 24816, 25089, 25383, 25695, 26025, 26337, 26652, 26955, 27245, 27545, 27833, 28121, 28427]",0.2999999999999998,2.4,1.6,0.09454269259222055,0.05026210562129794
32,MUH1097,14.916666666666666,2024-02-29,,,,0.85,0.08460900254210774,2.3412887249999996,0.8532218124999993,-0.05871127499999993,0.16097203313643746,1.0625,"[77651, 77999, 78392, 78811, 79261, 79681, 80104, 80533, 80989, 81424, 81862, 82282, 82723, 83173, 83623, 84076, 84532, 84985, 85435, 85888, 86347, 86800, 87274, 87721, 88150]",0.5,0.20700225734093838,1.7039700750000002,0.7400748124999996,0.10397007499999988,0.2783693021180776,1.4444444444444444,"[88564, 89002, 89410, 89781, 90186, 90555, 90952, 91354, 91701, 92038, 92419, 92797, 93126, 93511, 93855, 94126, 94411, 94680, 94944, 95230, 95533, 95844, 96168, 96486, 96804]",0.2999999999999998,2.4,1.6,0.65,0.32904298978338903,2.191328475,0.4783211875000005,-0.2086715249999999,0.15494172018511315,1.5833333333333333,"[29458, 29821, 30187, 30481, 30796, 31135, 31471, 31838, 32227, 32623, 32965, 33169, 33540, 33891, 34239, 34578, 34950, 35376, 35820, 36147, 36477, 36822, 37185, 37563, 37914, 38322, 38724, 39162, 39573, 39993, 40461, 40830, 41244, 41649, 42072, 42477, 43020, 43443, 43879, 44284, 44689, 45154, 45607, 46063, 46516, 46963, 47416, 47947, 48391, 48712, 49060, 49498, 49903, 50451, 50874, 51306, 51704, 52150, 52633, 53092, 53560, 54025, 54499, 54973, 55432, 55893, 56358, 56817, 57264, 57717, 58182, 58632, 59095, 59551, 59962, 60502, 60958, 61399, 61831, 62296, 62788, 63241, 63706, 64171, 64627, 65080, 65536, 65968, 66424, 66859, 67267, 67603, 67930, 68377, 68764, 69235, 69673, 70096, 70510, 70867]",0.65,0.22925213507706332,1.72083345,0.6979163750000001,0.12083344999999993,0.19524024777454088,1.5833333333333333,"[101738, 102002, 102293, 102629, 102992, 103346, 103687, 104038, 104389, 104728, 105127, 105502, 105805, 106117, 106416, 106716, 106983, 107280, 107583, 107871, 108171, 108468, 108753, 109062, 109362, 109659, 109971, 110280, 110610, 110958, 111291, 111615, 111915, 112227, 112524, 112842, 113157, 113472, 113766, 114084, 114390, 114693, 115062, 115377, 115725, 116022, 116328, 116634, 116949, 117261, 117563, 117878, 118193, 118479, 118775, 119039, 119339, 119660, 119975, 120311, 120644, 120953, 121246, 121582, 121882, 122164, 122461, 122761, 123073, 123388, 123697, 124015, 124327, 124645, 124963, 125278, 125596, 125911, 126250, 126571, 126883, 127195, 127522, 127829, 128129, 128435, 128762, 129074, 129398, 129734, 130058, 130364, 130691, 131084, 131477, 131858, 132173, 132494, 132806, 133127]",0.2999999999999998,2.4,1.6,True,False,0.7,0.11461726913761791,2.296992225,0.7424805624999998,-0.10300777499999995,0.19858818283068222,1.3076923076923077,"[10283, 10646, 11030, 11501, 11936, 12332, 12842, 13274, 13706, 14150, 14585, 15023, 15431, 15938, 16352, 16787, 17207, 17615, 18068, 18524, 18971, 19412, 19856, 20297, 20737]",0.8,0.08238567909777754,1.5558548250000002,1.1103629375,-0.04414517500000009,0.2042244783827114,1.2666666666666666,"[21187, 21649, 21985, 22264, 22525, 22765, 23035, 23347, 23644, 23917, 24202, 24520, 24844, 25141, 25431, 25713, 26019, 26307, 26610, 26910, 27213, 27501, 27822, 28134, 28440, 28749]",0.2999999999999998,2.4,1.6,0.05796766492920819,0.018905275309057057
33,MUH1099,14.916666666666666,2024-03-05,10.0,10.0,10.0,0.75,0.08027255105852861,2.3144838749999996,0.7862096874999993,-0.0855161249999999,0.3347487974122732,1.2857142857142858,"[90588, 90999, 91467, 91968, 92460, 92964, 93489, 93990, 94521, 95007, 95535, 96039, 96543, 97068, 97572, 98085, 98628, 99120, 99621, 100101, 100617, 101106, 101607, 102126, 102642]",0.2,0.28223045504028094,1.9115130749999998,0.2212173125000006,0.31151307499999986,0.18505054062583973,6.0,"[103203, 103737, 104160, 104558, 104966, 105377, 105776, 106139, 106519, 106904, 107303, 107711, 108119, 108538, 109069, 109582, 110101, 110554, 110971, 111373, 111832, 112231, 112705, 113173, 113578]",0.2999999999999998,2.4,1.6,0.9,0.09898475127468132,2.3770778999999997,0.9426947499999996,-0.022922099999999855,0.28353560563020735,1.0588235294117647,"[34634, 35078, 35462, 35921, 36398, 36881, 37286, 37754, 38255, 38714, 39239, 39755, 40361, 40907, 41438, 41942, 42509, 43013, 43523, 44054, 44537, 45065, 45557, 46082, 46490, 47039, 47564, 48053, 48533, 49007, 49466, 49856, 50267, 50669, 51161, 51635, 52148, 52667, 53105, 53639, 54194, 54733, 55267, 55806, 56370, 56970, 57456, 57951, 58482, 59037, 59559, 60050, 60555, 61074, 61566, 62070, 62625, 63159, 63642, 64185, 64680, 65196, 65715, 66270, 66801, 67311, 67848, 68349, 68852, 69326, 69881, 70423, 70960, 71466, 71934, 72441, 72951, 73444, 73956, 74472, 74919, 75423, 75969, 76509, 77046, 77592, 78117, 78618, 79169, 79723, 80281, 80827, 81364, 81901, 82432, 82945, 83473, 83992, 84496, 85006]",0.55,0.14807203653169657,1.6319447249999999,0.9201381875000005,0.03194472499999994,0.5891970081818084,1.6,"[119255, 119720, 120127, 120520, 120931, 121342, 121813, 122194, 122578, 123036, 123564, 124098, 124641, 125034, 125469, 125955, 126375, 126840, 127242, 127653, 128070, 128484, 128922, 129360, 129759, 130176, 130611, 131001, 131406, 131796, 132156, 132495, 132854, 133193, 133586, 133948, 134314, 134707, 135031, 135424, 135796, 136159, 136528, 136999, 137458, 137812, 138205, 138607, 138994, 139363, 139690, 140059, 140437, 140815, 141166, 141550, 141925, 142318, 142687, 143089, 143479, 143839, 144211, 144562, 144946, 145327, 145720, 146103, 146478, 146868, 147249, 147618, 147993, 148383, 148755, 149109, 149490, 149895, 150264, 150603, 150978, 151353, 151710, 152040, 152376, 152727, 153117, 153489, 153840, 154209, 154566, 154953, 155334, 155691, 156075, 156428, 156777, 157152, 157509, 157881]",0.2999999999999998,2.4,1.6,True,False,0.8,0.10351132532899861,2.34788205,0.8697051250000001,-0.05211794999999993,0.2535264075598517,1.2666666666666666,"[12271, 12706, 13153, 13624, 14152, 14677, 15208, 15748, 16282, 16801, 17338, 17878, 18400, 18943, 19474, 20002, 20497, 21019, 21520, 22063, 22537, 23020, 23548, 24058, 24556]",1.0,0.06717857711300747,1.6459289250000002,0.8851776874999997,0.04592892499999993,0.3749878699979501,1.0,"[25090, 25555, 25966, 26436, 26862, 27216, 27567, 27951, 28329, 28704, 29064, 29433, 29808, 30183, 30549, 30918, 31296, 31665, 32052, 32439, 32811, 33195, 33567, 33942, 34308, 34677]",0.2999999999999998,2.4,1.6,0.05409765469249396,0.027044274329481005
34,MUH1100,14.5,2024-03-07,10.0,10.0,10.0,1.0,0.0739759204693405,2.4167718750000002,1.0419296875000008,0.016771875000000082,0.0847597685134871,1.0,"[85334, 85748, 86213, 86666, 87116, 87578, 88058, 88535, 89024, 89510, 89990, 90482, 90959, 91439, 91943, 92444, 92939, 93428, 93917, 94409, 94907, 95408, 95891, 96400, 96904]",0.95,0.09824644364171191,1.686018825,0.7849529375,0.08601882499999991,0.5171141762071251,1.0555555555555556,"[97393, 97870, 98224, 98578, 98983, 99352, 99694, 100033, 100369, 100711, 101062, 101395, 101749, 102109, 102454, 102805, 103156, 103498, 103834, 104194, 104524, 104863, 105220, 105592, 105940]",0.4999999999999998,2.4,1.6,1.0,0.08323494378768344,2.3284526249999997,0.8211315624999995,-0.07154737499999993,0.06583809682490485,1.0,"[93831, 94224, 94566, 94940, 95366, 95789, 96206, 96671, 97133, 97598, 98075, 98563, 99040, 99535, 100030, 100516, 101013, 101511, 102018, 102515, 103007, 103507, 104014, 104521, 105022, 105510, 105984, 106467, 106946, 107418, 107909, 108395, 108881, 109364, 109829, 110288, 110762, 111239, 111707, 112184, 112655, 113129, 113597, 114074, 114551, 115010, 115490, 115964, 116444, 116921, 117392, 117887, 118385, 118880, 119363, 119831, 120314, 120806, 121274, 121736, 122222, 122711, 123206, 123692, 124169, 124649, 125135, 125620, 126097, 126571, 127033, 127489, 127957, 128419, 128902, 129388, 129871, 130345, 130798, 131248, 131701, 132184, 132661, 133141, 133633, 134098, 134569, 135025, 135475, 135922, 136383, 136845, 137304, 137763, 138249, 138726, 139224, 139716, 140214, 140712]",0.9,0.11809141835885974,1.6949841749999996,0.7625395625000011,0.09498417499999987,0.25692958617518574,1.0588235294117647,"[31891, 32305, 32683, 33070, 33460, 33832, 34213, 34582, 34927, 35272, 35632, 35983, 36343, 36705, 37051, 37396, 37753, 38122, 38481, 38832, 39183, 39531, 39891, 40236, 40572, 40905, 41241, 41589, 41934, 42297, 42633, 42987, 43329, 43665, 44010, 44349, 44694, 45045, 45407, 45765, 46116, 46479, 46832, 47195, 47532, 47874, 48213, 48549, 48896, 49229, 49565, 49910, 50252, 50585, 50924, 51269, 51620, 51965, 52304, 52637, 52994, 53330, 53669, 54023, 54371, 54716, 55040, 55373, 55727, 56078, 56405, 56741, 57071, 57407, 57734, 58076, 58411, 58766, 59099, 59447, 59786, 60127, 60466, 60805, 61159, 61518, 61858, 62215, 62563, 62904, 63244, 63576, 63907, 64237, 64583, 64926, 65252, 65595, 65948, 66298]",0.5,2.4,1.6,False,True,1.0,0.062333514670654594,2.292717975000001,0.7317949375000022,-0.10728202499999988,0.05332098891711895,1.0,"[12269, 12722, 13184, 13646, 14093, 14549, 14993, 15443, 15893, 16361, 16820, 17279, 17753, 18217, 18685, 19147, 19611, 20088, 20553, 21021, 21492, 21945, 22404, 22848, 23322]",1.0,0.08326362493665193,1.7145782249999997,0.7135544375000009,0.11457822499999988,0.27405876297570375,1.0,"[23811, 24249, 24612, 24966, 25326, 25673, 26028, 26376, 26721, 27066, 27410, 27762, 28124, 28485, 28832, 29183, 29538, 29903, 30251, 30584, 30944, 31289, 31649, 32012, 32381, 32735]",0.5,2.4,1.6,0.02610208373408648,0.01552920045768905
35,MUH1102,14.5,2024-04-10,10.0,10.0,10.0,0.5,0.10953120992433835,2.2529453999999998,0.6323634999999995,-0.14705459999999992,0.29366139334315594,2.111111111111111,"[35896, 36347, 36802, 37276, 37732, 38200, 38677, 39130, 39580, 40045, 40495, 40945, 41398, 41872, 42330, 42792, 43254, 43725, 44193, 44646, 45093, 45558, 46032, 46487, 46955]",0.95,0.06842069861160434,1.6327185,0.9182037500000003,0.03271849999999989,0.14354658365804168,1.0555555555555556,"[75451, 75799, 76135, 76477, 76807, 77149, 77494, 77836, 78163, 78487, 78820, 79159, 79507, 79843, 80191, 80527, 80881, 81241, 81586, 81937, 82279, 82633, 82975, 83320, 83659]",0.2999999999999998,2.4,1.6,0.75,0.12251950775907611,2.3697405,0.9243512499999997,-0.03025949999999993,0.14119932564952842,1.3571428571428572,"[29504, 29954, 30392, 30854, 31307, 31838, 32345, 32786, 33206, 33629, 34109, 34529, 34889, 35297, 35681, 36092, 36557, 36997, 37399, 37828, 38310, 38775, 39229, 39678, 40131, 40597, 41101, 41566, 42034, 42501, 42969, 43482, 44004, 44511, 44991, 45456, 45927, 46398, 46860, 47337, 47826, 48297, 48762, 49233, 49689, 50142, 50631, 51111, 51570, 52017, 52464, 52935, 53415, 53883, 54375, 54852, 55344, 55797, 56265, 56745, 57198, 57717, 58266, 58749, 59235, 59727, 60267, 60678, 61176, 61638, 62121, 62520, 62895, 63279, 63642, 63945, 64242, 64629, 65160, 65681, 66170, 66635, 67100, 67589, 68108, 68591, 69038, 69500, 70004, 70484, 70967, 71432, 71900, 72371, 72836, 73316, 73868, 74399, 74939, 75413]",0.95,0.058677024186481394,1.5818507250000002,1.0453731874999996,-0.018149275000000055,0.09415980687922357,1.0555555555555556,"[105411, 105792, 106206, 106746, 107274, 107661, 108057, 108446, 108848, 109238, 109640, 110042, 110411, 110741, 111059, 111395, 111700, 112012, 112333, 112666, 113004, 113325, 113649, 113961, 114278, 114596, 114905, 115223, 115546, 115876, 116194, 116518, 116845, 117175, 117493, 117829, 118159, 118497, 118830, 119157, 119484, 119805, 120159, 120495, 120849, 121188, 121539, 121872, 122214, 122571, 122895, 123213, 123516, 123822, 124134, 124449, 124764, 125067, 125376, 125688, 126003, 126327, 126648, 126978, 127287, 127605, 127923, 128229, 128556, 128883, 129198, 129525, 129858, 130200, 130542, 130881, 131214, 131565, 131898, 132228, 132549, 132864, 133182, 133515, 133841, 134171, 134498, 134825, 135149, 135473, 135815, 136145, 136472, 136793, 137129, 137450, 137777, 138113, 138452, 138791]",0.2999999999999998,2.4,1.6,True,False,0.9,0.1133318944624795,2.347920675,0.8698016875000005,-0.05207932499999988,0.09276771518060377,1.0588235294117647,"[11174, 11597, 12035, 12575, 13091, 13568, 14033, 14513, 15008, 15491, 15974, 16447, 16900, 17356, 17824, 18280, 18751, 19291, 19844, 20375, 20875, 21361, 21841, 22282, 22756]",0.95,0.06666001572529595,1.580323125,1.0491921875,-0.01967687500000006,0.09934212615060198,1.0555555555555556,"[23221, 23698, 24103, 24475, 24829, 25168, 25489, 25813, 26128, 26455, 26779, 27109, 27412, 27712, 28027, 28351, 28666, 29008, 29347, 29683, 30007, 30337, 30666, 31011, 31347, 31686]",0.2999999999999998,2.4,1.6,0.08723229647403764,0.05207164044860062
36,MUH1103,17.916666666666668,2024-04-10,8.0,9.0,10.0,0.8235294117647058,0.10375773251298083,2.410019117647059,1.0250477941176475,0.010019117647058932,0.04397438507004331,1.1538461538461537,"[288, 289, 290, 292, 293, 294, 295, 299, 301, 304, 305, 307, 308, 309, 310, 311, 312]",0.625,0.10736045864838052,1.68489515625,0.787762109375,0.08489515624999992,0.19827493155887593,1.6666666666666667,"[389, 390, 391, 395, 397, 399, 401, 402, 403, 405, 406, 407, 409, 410, 411, 412]",0.19999999999999996,2.4,1.6,0.75,0.07633329517762014,2.2878575999999997,0.7196439999999994,-0.11214239999999995,0.03970758193495838,1.3571428571428572,"[253, 254, 255, 256, 257, 258, 259, 260, 261, 262, 263, 264, 265, 266, 267, 268, 269, 270, 271, 272, 273, 274, 275, 276, 277, 278, 279, 280, 281, 282, 283, 284, 285, 286, 287, 288, 289, 290, 291, 292, 293, 294, 295, 296, 297, 298, 299, 300, 301, 302, 303, 304, 305, 306, 307, 308, 309, 310, 311, 312, 313, 314, 315, 316, 317, 318, 319, 320, 321, 322, 323, 324, 325, 326, 327, 328, 329, 330, 331, 332, 333, 334, 335, 336, 337, 338, 339, 340, 341, 342, 343, 344, 345, 346, 347, 348, 349, 350, 351, 352]",0.6,0.4096886592440013,1.5271314,1.1821715000000002,-0.07286860000000009,0.2815940870177065,1.0,"[77, 78, 79, 80, 81, 82, 83, 84, 85, 86, 87, 88, 89, 90, 91, 92, 93, 94, 95, 96, 97, 98, 99, 100, 101, 102, 103, 104, 105, 106, 107, 108, 109, 110, 111, 112, 113, 114, 115, 116, 117, 118, 119, 120, 121, 122, 123, 124, 125, 126, 127, 128, 129, 130, 131, 132, 133, 134, 135, 136, 137, 138, 139, 140, 141, 142, 143, 144, 145, 146, 147, 148, 149, 150, 151, 152, 153, 154, 155, 156, 157, 158, 160, 161, 162, 163, 164, 165, 166, 167, 168, 169, 170, 171, 172, 173, 174, 175, 176, 177]",0.2999999999999998,2.4,1.6,False,True,0.85,0.09758030234868026,2.436820725,1.0920518125000003,0.03682072500000011,0.0363727540110258,1.1875,"[10218, 10569, 10986, 11427, 11835, 12252, 12702, 13140, 13569, 14013, 14443, 14880, 15300, 15735, 16161, 16560, 16971, 17391, 17820, 18258, 18699, 19140, 19572, 20004, 20445]",0.8,0.11440411161465952,1.6291765499999997,0.9270586250000009,0.029176549999999902,0.2780714521063118,1.2666666666666666,"[20871, 21285, 21591, 21903, 22210, 22522, 22834, 23137, 23431, 23734, 24028, 24328, 24630, 24927, 25230, 25533, 25836, 26136, 26439, 26739, 27033, 27318, 27606, 27900, 28194, 28491]",0.2999999999999998,2.4,1.6,0.0984984597786415,0.09115259622228324
37,MUH1104,11.333333333333334,2024-08-22,9.0,7.0,7.0,0.6,0.1549585622095108,2.367574725,0.9189368124999999,-0.03242527499999992,0.06057912155748237,1.4545454545454546,"[77181, 77538, 77925, 78278, 78668, 79181, 79673, 80141, 80588, 81008, 81410, 81830, 82232, 82643, 83060, 83459, 83894, 84298, 84712, 85147, 85588, 86083, 86518, 86977, 87418]",0.55,0.19399697877697672,1.7297289,0.6756777500000001,0.12972889999999998,0.05916352741547144,1.7,"[87874, 88252, 88606, 88915, 89254, 89593, 89830, 90118, 90448, 90814, 91177, 91546, 91903, 92197, 92509, 92836, 93166, 93475, 93772, 94084, 94387, 94702, 95014, 95317, 95637]",0.2999999999999998,2.4,1.6,0.75,0.1189726485959201,2.3787413249999996,0.9468533124999992,-0.021258674999999914,0.19637175563175374,1.2857142857142858,"[91607, 91999, 92371, 92646, 92982, 93422, 93895, 94222, 94533, 94821, 95109, 95391, 95646, 95934, 96318, 96723, 97119, 97548, 97970, 98422, 98853, 99273, 99690, 100131, 100596, 101061, 101514, 101970, 102402, 102834, 103239, 103649, 104054, 104486, 104903, 105314, 105725, 106154, 106592, 107039, 107500, 107967, 108438, 108863, 109289, 109715, 110111, 110534, 110995, 111478, 111937, 112387, 112809, 113226, 113655, 114084, 114504, 114905, 115340, 115769, 116204, 116642, 117104, 117556, 117985, 118444, 118918, 119362, 119797, 120259, 120712, 121149, 121596, 122028, 122460, 122904, 123345, 123771, 124191, 124628, 125036, 125471, 125906, 126316, 126718, 127138, 127558, 128035, 128497, 128923, 129361, 129790, 130231, 130687, 131143, 131599, 132040, 132466, 132889, 133327]",0.8,0.08269147572823027,1.659092925,0.8522676875000004,0.05909292499999989,0.053427351215351956,1.1333333333333333,"[28049, 28430, 28796, 29127, 29468, 29795, 30122, 30452, 30749, 31034, 31335, 31647, 31946, 32243, 32538, 32859, 33195, 33530, 33887, 34250, 34573, 35056, 35494, 35917, 36274, 36639, 37020, 37401, 37779, 38166, 38556, 38931, 39317, 39728, 40076, 40445, 40829, 41227, 41635, 42037, 42454, 42859, 43237, 43600, 43948, 44329, 44704, 44986, 45280, 45561, 45860, 46160, 46473, 46781, 47096, 47405, 47729, 48056, 48368, 48662, 48974, 49313, 49631, 49985, 50357, 50759, 51218, 51650, 51962, 52307, 52643, 52994, 53342, 53699, 54086, 54396, 54633, 54904, 55192, 55474, 55762, 56062, 56355, 56653, 56944, 57250, 57562, 57874, 58177, 58465, 58765, 59068, 59371, 59671, 59984, 60286, 60598, 60904, 61231, 61558]",0.2999999999999998,2.4,1.6,False,True,0.8,0.11218540595478309,2.3881846500000004,0.9704616250000011,-0.011815349999999846,0.14770657428860812,1.2666666666666666,"[10586, 10988, 11414, 11897, 12389, 12836, 13247, 13664, 14090, 14531, 14978, 15407, 15842, 16268, 16709, 17168, 17594, 18011, 18443, 18878, 19331, 19754, 20195, 20636, 21071]",0.4,0.12512705150591194,1.7298377999999999,0.6754055000000004,0.12983779999999995,0.04756139004199492,2.0,"[21506, 21932, 22325, 22721, 23102, 23441, 23777, 24125, 24458, 24799, 25085, 25361, 25652, 25946, 26270, 26585, 26909, 27248, 27578, 27908, 28243, 28534, 28822, 29128, 29443, 29767]",0.2999999999999998,2.4,1.6,0.09185870130324111,0.029655340948296426
38,MUH1105,14.0,2024-08-22,10.0,9.0,9.0,0.85,0.09337153614006395,2.3774920500000003,0.943730125000001,-0.022507949999999922,0.06039000915191397,1.1875,"[218, 219, 220, 221, 222, 223, 224, 225, 226, 227, 228, 229, 230, 231, 232, 233, 234, 235, 236, 237, 238, 239, 240, 241, 242]",0.9,0.10471620650651833,1.6054302,0.9864245000000001,0.005430199999999896,0.20607096788614734,1.0,"[243, 244, 245, 246, 247, 248, 249, 250, 251, 252, 253, 254, 255, 256, 257, 258, 259, 260, 261, 262, 263, 264, 265, 266, 267]",0.2999999999999998,2.4,1.6,0.95,0.058492975899967714,2.3218246500000004,0.8045616250000012,-0.07817534999999998,0.0507734303268844,1.0555555555555556,"[108071, 108587, 109103, 109601, 110087, 110579, 111065, 111567, 112053, 112539, 113046, 113529, 114054, 114594, 115103, 115610, 116132, 116636, 117131, 117623, 118112, 118616, 119114, 119606, 120119, 120623, 121123, 121621, 122110, 122605, 123088, 123604, 124111, 124609, 125107, 125644, 126200, 126710, 127220, 127706, 128192, 128687, 129203, 129730, 130243, 130759, 131257, 131740, 132241, 132745, 133228, 133726, 134230, 134724, 135230, 135734, 136247, 136766, 137255, 137762, 138242, 138739, 139198, 139693, 140187, 140682, 141213, 141702, 142203, 142688, 143171, 143678, 144197, 144692, 145189, 145705, 146217, 146688, 147173, 147686, 148202, 148703, 149203, 149695, 150187, 150679, 151201, 151699, 152197, 152703, 153204, 153699, 154196, 154697, 155186, 155684, 156192, 156692, 157196, 157691]",0.9,0.08092835741194022,1.5762120000000002,1.05947,-0.02378800000000012,0.45131135005029666,1.1176470588235294,"[34349, 34817, 35255, 35687, 36164, 36659, 37097, 37556, 38045, 38504, 38921, 39293, 39686, 40118, 40610, 41042, 41495, 41927, 42383, 42800, 43217, 43700, 44114, 44549, 45002, 45440, 45842, 46262, 46706, 47141, 47567, 48047, 48509, 48935, 49373, 49804, 50227, 50674, 51118, 51534, 51957, 52404, 52856, 53300, 53732, 54164, 54614, 55031, 55472, 55904, 56263, 56653, 57043, 57403, 57793, 58192, 58573, 58987, 59332, 59680, 60055, 60433, 60778, 61111, 61468, 61858, 62236, 62593, 62974, 63420, 63930, 64332, 64704, 65076, 65466, 65889, 66306, 66673, 67031, 67427, 67790, 68150, 68501, 68870, 69230, 69575, 69932, 70299, 70656, 71016, 71370, 71715, 72063, 72408, 72759, 73107, 73428, 73778, 74129, 74483]",0.2999999999999998,2.4,1.6,False,True,0.8,0.5945862122741747,2.1615010499999996,0.4037526249999991,-0.23849894999999988,0.23919130863784907,1.2666666666666666,"[12017, 12455, 12881, 13343, 13874, 14372, 14870, 15398, 15911, 16414, 16907, 17396, 17882, 18355, 18832, 19294, 19786, 20278, 20734, 21211, 21727, 22159, 22750, 23293, 23827]",0.75,0.1433308017412866,1.6097177999999999,0.9757055000000006,0.009717799999999877,0.15677741123579636,1.3571428571428572,"[24367, 24879, 25359, 25806, 26205, 26580, 26934, 27300, 27660, 28017, 28374, 28725, 29064, 29412, 29724, 30081, 30426, 30774, 31164, 31521, 31896, 32286, 32673, 33054, 33429, 33783]",0.2999999999999998,2.4,1.6,0.03228145385470225,0.027891593537638214
39,MUH1106,17.75,2024-07-30,,,,0.85,0.08067086942966965,2.419259025,1.0481475625000005,0.019259025000000096,0.06515928169541188,1.1875,"[84468, 84834, 85245, 85731, 86226, 86727, 87222, 87711, 88227, 88719, 89175, 89646, 90141, 90618, 91119, 91608, 92091, 92589, 93099, 93579, 94062, 94502, 94988, 95489, 95981]",1.0,0.07338053925986385,1.5984804,1.0037990000000006,-0.0015196000000000875,0.2068967310784342,1.0,"[96452, 96881, 97271, 97640, 98015, 98381, 98726, 99038, 99368, 99695, 100019, 100337, 100661, 100973, 101288, 101615, 101933, 102244, 102575, 102893, 103213, 103522, 103852, 104179, 104509]",0.2999999999999998,2.4,1.6,0.85,0.09774078640455544,2.430588825,1.0764720625000004,0.03058882500000004,0.03575396150302943,1.1875,"[88985, 89393, 89821, 90288, 90795, 91331, 91781, 92258, 92747, 93218, 93707, 94187, 94646, 95105, 95557, 96025, 96537, 97047, 97551, 98013, 98484, 98937, 99396, 99846, 100323, 100818, 101290, 101740, 102211, 102688, 103165, 103636, 104137, 104617, 105064, 105514, 106027, 106549, 107083, 107560, 108001, 108484, 108931, 109393, 109855, 110335, 110812, 111280, 111739, 112183, 112650, 113109, 113556, 114042, 114492, 114987, 115503, 116019, 116511, 116988, 117447, 117918, 118367, 118824, 119277, 119769, 120264, 120767, 121250, 121751, 122246, 122741, 123212, 123692, 124163, 124625, 125074, 125566, 126057, 126549, 127029, 127506, 127992, 128493, 128985, 129504, 129972, 130475, 130986, 131463, 131961, 132446, 132955, 133441, 133927, 134392, 134866, 135364, 135874, 136360]",0.8,0.08950886183126383,1.672986225,0.8175344375000001,0.07298622499999993,0.060098028738129125,1.2,"[27322, 27682, 28033, 28387, 28722, 29052, 29370, 29700, 30030, 30381, 30702, 31008, 31332, 31665, 31998, 32334, 32661, 32988, 33342, 33669, 33980, 34307, 34634, 34973, 35306, 35647, 35986, 36326, 36661, 36997, 37324, 37664, 38005, 38341, 38662, 38995, 39340, 39649, 39936, 40242, 40536, 40875, 41259, 41637, 41973, 42303, 42633, 42969, 43308, 43644, 43992, 44334, 44634, 44931, 45231, 45534, 45834, 46140, 46461, 46788, 47115, 47445, 47775, 48111, 48431, 48770, 49106, 49442, 49787, 50108, 50432, 50753, 51074, 51398, 51728, 52071, 52370, 52685, 53009, 53339, 53693, 54020, 54359, 54701, 55040, 55385, 55736, 56057, 56375, 56705, 57053, 57386, 57728, 58064, 58409, 58742, 59090, 59402, 59696, 60020]",0.2999999999999998,2.4,1.6,False,True,0.95,0.07106660130467311,2.3790229500000004,0.9475573750000013,-0.02097704999999994,0.03352469942270179,1.0555555555555556,"[11362, 11749, 12190, 12634, 13117, 13617, 14094, 14553, 15015, 15483, 16008, 16494, 16989, 17457, 17931, 18408, 18894, 19380, 19842, 20319, 20796, 21270, 21744, 22248, 22719]",0.95,0.06392629368385598,1.6403096249999998,0.8992259375000008,0.040309624999999884,0.15779598717365642,1.0555555555555556,"[23169, 23580, 23892, 24249, 24585, 24942, 25278, 25611, 25946, 26294, 26634, 26973, 27308, 27650, 27972, 28286, 28617, 28958, 29300, 29630, 29966, 30314, 30641, 30971, 31301, 31634]",0.2999999999999998,2.4,1.6,0.029864766105807274,0.01682856620197451
40,MUH1117,16.25,2024-08-06,,,,0.8,0.11921986487384902,2.3321945250000002,0.8304863125000008,-0.06780547499999993,0.0638880758969619,1.2666666666666666,"[84067, 84460, 84898, 85348, 85819, 86266, 86731, 87163, 87678, 88155, 88620, 89091, 89565, 90093, 90585, 91074, 91545, 92016, 92487, 92972, 93440, 93932, 94421, 94871, 95336]",0.4,0.0923991181337894,1.7940435750000003,0.5148910624999993,0.19404357499999986,0.03410326835155534,2.2857142857142856,"[95810, 96257, 96626, 97016, 97397, 97790, 98180, 98579, 98963, 99341, 99710, 100064, 100427, 100787, 101147, 101519, 101879, 102233, 102587, 102947, 103304, 103649, 104029, 104383, 104746]",0.2999999999999998,2.4,1.6,0.7,0.1024275360781953,2.34402045,0.860051125,-0.05597954999999992,0.10369778294190937,1.4615384615384615,"[29952, 30352, 30697, 31122, 31596, 32058, 32508, 32949, 33390, 33888, 34356, 34779, 35109, 35472, 35847, 36296, 36755, 37202, 37664, 38117, 38627, 39140, 39635, 40136, 40624, 41125, 41620, 42109, 42604, 43087, 43558, 44032, 44497, 44917, 45304, 45694, 46195, 46675, 47131, 47584, 48031, 48487, 48922, 49372, 49813, 50257, 50698, 51139, 51535, 51920, 52337, 52795, 53233, 53731, 54175, 54619, 55078, 55513, 55954, 56416, 56861, 57298, 57772, 58225, 58700, 59158, 59629, 60118, 60580, 61027, 61511, 62030, 62546, 63014, 63476, 63932, 64384, 64864, 65326, 65813, 66293, 66778, 67261, 67741, 68233, 68704, 69169, 69646, 70111, 70594, 71074, 71560, 72028, 72490, 72952, 73430, 73921, 74398, 74879, 75347]",0.95,0.04787846679845121,1.6761221249999998,0.8096946875000007,0.07612212499999996,0.0215053684972047,1.0555555555555556,"[109281, 109695, 110105, 110516, 110933, 111368, 111808, 112243, 112674, 113115, 113529, 113984, 114446, 114908, 115358, 115763, 116168, 116603, 117071, 117497, 117905, 118274, 118670, 119120, 119582, 120067, 120553, 120935, 121323, 121740, 122148, 122547, 122931, 123332, 123725, 124082, 124427, 124775, 125123, 125501, 125882, 126271, 126616, 126961, 127323, 127629, 127920, 128235, 128562, 128895, 129258, 129573, 129897, 130224, 130551, 130890, 131217, 131565, 131904, 132252, 132591, 132947, 133301, 133642, 133975, 134308, 134650, 134974, 135310, 135649, 136009, 136369, 136708, 137035, 137371, 137713, 138049, 138400, 138745, 139099, 139444, 139792, 140122, 140455, 140797, 141137, 141469, 141805, 142165, 142519, 142861, 143197, 143536, 143866, 144212, 144557, 144893, 145226, 145556, 145892]",0.2999999999999998,2.4,1.6,True,False,0.9,0.08412187389740275,2.3632067999999995,0.908016999999999,-0.03679319999999993,0.09479123687724175,1.1176470588235294,"[10812, 11232, 11683, 12132, 12585, 13056, 13524, 14001, 14487, 14982, 15459, 15924, 16392, 16862, 17316, 17846, 18332, 18821, 19286, 19751, 20213, 20681, 21134, 21611, 22079]",0.9,0.06478261346721129,1.6751808000000001,0.8120479999999999,0.07518079999999991,0.032956958068203444,1.0588235294117647,"[22529, 22994, 23381, 23753, 24125, 24488, 24854, 25193, 25547, 25901, 26273, 26606, 26942, 27287, 27632, 27968, 28292, 28619, 28949, 29279, 29612, 29951, 30281, 30635, 30962, 31313]",0.2999999999999998,2.4,1.6,0.026179049315958148,0.021634479866032733
41,MUH1118,16.833333333333332,2024-08-07,10.0,10.0,10.0,0.15,0.11859105383331711,2.1487191749999996,0.3717979374999992,-0.25128082499999993,0.2707841029755914,5.0,"[79153, 79524, 79918, 80280, 80670, 81087, 81493, 81903, 82296, 82683, 83070, 83490, 83925, 84342, 84750, 85176, 85611, 86022, 86448, 86859, 87273, 87702, 88140, 88557, 88983]",0.35,0.11694239982134925,1.8085576500000002,0.4786058749999995,0.20855764999999987,0.10411676227213325,3.0,"[89406, 89802, 90186, 90549, 90909, 91263, 91605, 91947, 92286, 92646, 92991, 93330, 93678, 94017, 94365, 94701, 95046, 95397, 95739, 96078, 96411, 96765, 97128, 97482, 97854]",0.2999999999999998,2.4,1.6,0.45,0.28888579613349213,2.13057855,0.32644637500000023,-0.26942144999999995,0.2386393281430291,2.125,"[30005, 30377, 30716, 31074, 31463, 31856, 32267, 32693, 33104, 33518, 33896, 34232, 34595, 35003, 35405, 35773, 36148, 36551, 36946, 37361, 37754, 38149, 38560, 38977, 39377, 39763, 40108, 40465, 40858, 41251, 41659, 42064, 42465, 42855, 43254, 43650, 44032, 44383, 44743, 45147, 45549, 45957, 46353, 46749, 47160, 47544, 47940, 48336, 48737, 49133, 49508, 49850, 50222, 50618, 51024, 51413, 51764, 52130, 52505, 52910, 53278, 53677, 54094, 54487, 54889, 55303, 55691, 56114, 56531, 56948, 57361, 57790, 58180, 58531, 58891, 59323, 59731, 60166, 60592, 61024, 61435, 61840, 62251, 62626, 63043, 63406, 63826, 64204, 64621, 65023, 65458, 65851, 66274, 66667, 67105, 67534, 67975, 68404, 68821, 69256]",0.3,0.11963165566404672,1.7953620000000001,0.5115949999999998,0.19536199999999995,0.16973219077963414,3.4,"[99574, 99967, 100321, 100687, 101101, 101488, 101863, 102244, 102631, 103024, 103396, 103774, 104166, 104543, 104919, 105284, 105635, 105989, 106367, 106736, 107087, 107435, 107795, 108158, 108524, 108893, 109276, 109666, 110050, 110419, 110791, 111166, 111544, 111925, 112299, 112686, 113054, 113417, 113795, 114155, 114500, 114857, 115229, 115592, 115958, 116303, 116651, 117008, 117368, 117710, 118052, 118397, 118763, 119153, 119516, 119864, 120230, 120623, 121028, 121418, 121787, 122147, 122504, 122861, 123215, 123566, 123917, 124255, 124575, 124911, 125256, 125613, 125961, 126300, 126654, 127026, 127371, 127698, 128037, 128370, 128718, 129060, 129390, 129714, 130059, 130410, 130727, 131072, 131421, 131763, 132093, 132422, 132765, 133109, 133446, 133789, 134143, 134488, 134809, 135139]",0.2999999999999998,2.4,1.6,True,False,0.2,0.3061979017274558,2.0452814249999998,0.11320356249999944,-0.354718575,0.3555990723548633,4.333333333333333,"[10589, 10967, 11360, 11768, 12179, 12575, 12971, 13373, 13781, 14201, 14591, 15007, 15401, 15811, 16234, 16657, 17059, 17434, 17854, 18262, 18646, 19003, 19423, 19819, 20215]",0.3,0.10271804707151921,1.80838215,0.47904462500000033,0.20838214999999982,0.07805788372520178,3.2,"[20584, 20959, 21328, 21697, 22066, 22408, 22768, 23113, 23461, 23800, 24139, 24484, 24826, 25174, 25507, 25834, 26197, 26542, 26896, 27259, 27583, 27898, 28234, 28567, 28921, 29278]",0.2999999999999998,2.4,1.6,0.04838706369524041,0.02764415303732875
42,MUH1140,10.416666666666666,2024-07-23,9.0,10.0,9.0,0.3,0.2576516524881626,2.148158025,0.3703950624999997,-0.25184197500000005,0.10778844869536768,3.8,"[75784, 76162, 76540, 76906, 77278, 77641, 78028, 78397, 78778, 79126, 79453, 79879, 80272, 80644, 81007, 81397, 81781, 82147, 82540, 82873, 83311, 83701, 84058, 84430, 84841]",0.2,0.3285635983620889,2.0210202749999997,-0.05255068749999926,0.42102027500000005,0.22200912561751704,4.333333333333333,"[85249, 85678, 86050, 86422, 86803, 87168, 87541, 87865, 88198, 88545, 88902, 89263, 89622, 89943, 90300, 90750, 91119, 91506, 91875, 92319, 92661, 92985, 93339, 93720, 94110]",0.2999999999999998,2.4,1.6,0.85,0.09703156696183167,2.3473941000000003,0.8684852500000009,-0.05260589999999989,0.11902011742262811,1.1875,"[93019, 93414, 93813, 94196, 94586, 94970, 95354, 95735, 96134, 96524, 96908, 97288, 97659, 98028, 98340, 98715, 99060, 99447, 99810, 100197, 100575, 100971, 101379, 101757, 102147, 102552, 102975, 103374, 103758, 104160, 104562, 104976, 105387, 105798, 106197, 106590, 106983, 107385, 107793, 108192, 108603, 109022, 109451, 109852, 110257, 110665, 111070, 111493, 111904, 112333, 112744, 113143, 113548, 113956, 114355, 114769, 115201, 115618, 116021, 116432, 116855, 117284, 117734, 118196, 118604, 118994, 119399, 119798, 120197, 120602, 121019, 121429, 121822, 122212, 122596, 122986, 123415, 123841, 124279, 124702, 125113, 125551, 125965, 126369, 126772, 127177, 127576, 127996, 128389, 128785, 129193, 129607, 130042, 130444, 130878, 131296, 131733, 132142, 132561, 132975]",0.0,0.57183546236521,1.9546592249999997,0.11335193750000086,0.3546592249999999,0.11730302894074078,,"[27438, 27783, 28128, 28494, 28872, 29247, 29598, 29937, 30282, 30636, 30987, 31380, 31785, 32145, 32511, 32865, 33255, 33603, 33948, 34301, 34657, 35050, 35443, 35848, 36211, 36594, 36966, 37374, 37770, 38172, 38499, 38946, 39309, 39660, 40008, 40401, 40746, 41076, 41420, 41813, 42191, 42545, 42905, 43286, 43643, 44024, 44379, 44753, 45152, 45524, 45869, 46202, 46559, 46916, 47264, 47600, 47822, 48326, 48710, 49064, 49438, 49807, 50161, 50544, 50955, 51294, 51507, 51861, 52335, 52695, 53028, 53358, 53715, 54087, 54450, 54825, 55173, 55490, 55850, 56216, 56546, 56900, 57242, 57605, 57785, 58355, 58724, 59093, 59477, 59867, 60265, 60625, 60964, 61324, 61689, 62099, 62480, 62862, 63210, 63528]",0.2999999999999998,2.4,1.6,False,True,0.45,0.17714320888155602,2.346654975,0.8666374374999999,-0.053345025000000046,0.14110015483750116,2.125,"[9893, 10262, 10646, 11033, 11408, 11807, 12284, 12680, 13067, 13472, 13847, 14234, 14611, 14986, 15373, 15775, 16174, 16567, 17014, 17425, 17821, 18211, 18631, 19041, 19456]",0.1,0.5231062558059579,1.6712694749999997,0.821826312500001,0.07126947499999989,0.34105920903890785,4.0,"[19858, 20284, 20617, 20962, 21325, 21673, 22054, 22414, 22771, 23095, 23467, 23884, 24244, 24606, 24951, 25278, 25569, 25944, 26250, 26637, 27045, 27396, 27834, 28161, 28614, 29013]",0.2999999999999998,2.4,1.6,0.1623936211115102,0.2812705192744383
43,MUH1143,9.25,2024-08-07,8.0,9.0,9.0,0.2,0.14061368407776337,2.11038,0.2759500000000004,-0.2896199999999999,0.08944053255292515,2.6666666666666665,"[71799, 72114, 72435, 72797, 73181, 73520, 73880, 74228, 74567, 74922, 75266, 75617, 75956, 76293, 76670, 77066, 77446, 77803, 78196, 78587, 78961, 79363, 79735, 80113, 80497]",0.5,0.18778037807035133,1.685205825,0.7869854375000004,0.08520582499999987,0.19849739190621077,2.0,"[80890, 81262, 81583, 81919, 82270, 82576, 82885, 83194, 83503, 83806, 84121, 84442, 84745, 85015, 85279, 85597, 85873, 86152, 86455, 86749, 87070, 87367, 87688, 88003, 88288]",0.2999999999999998,2.4,1.6,0.5,0.1390951934337738,2.2487418,0.6218544999999999,-0.1512581999999999,0.0793045565187507,2.0,"[24834, 25149, 25502, 25907, 26315, 26669, 27098, 27479, 27845, 28235, 28619, 29036, 29438, 29816, 30191, 30587, 30955, 31345, 31723, 32137, 32533, 32923, 33364, 33781, 34186, 34561, 34951, 35311, 35683, 36049, 36448, 36835, 37212, 37623, 38025, 38433, 38815, 39206, 39616, 40006, 40384, 40747, 41121, 41517, 41943, 42351, 42744, 43133, 43557, 43950, 44313, 44667, 45033, 45414, 45773, 46116, 46667, 47057, 47462, 47852, 48254, 48629, 48995, 49382, 49775, 50159, 50555, 50942, 51341, 51773, 52181, 52583, 52967, 53354, 53732, 54101, 54467, 54851, 55250, 55691, 56123, 56543, 56921, 57294, 57666, 58024, 58419, 58808, 59192, 59579, 59978, 60374, 60758, 61178, 61583, 61970, 62335, 62701, 63082, 63487]",0.45,0.11276483288073924,1.7786874000000001,0.5532814999999998,0.17868739999999989,0.1462682778096687,2.375,"[89224, 89542, 89893, 90286, 90604, 90919, 91237, 91543, 91843, 92152, 92443, 92752, 93052, 93349, 93640, 93937, 94231, 94534, 94834, 95122, 95419, 95716, 96019, 96313, 96589, 96886, 97183, 97498, 97822, 98136, 98424, 98757, 99081, 99422, 99735, 100047, 100364, 100655, 100972, 101262, 101577, 101907, 102209, 102533, 102824, 103127, 103436, 103751, 104060, 104366, 104683, 104980, 105286, 105580, 105880, 106174, 106465, 106759, 107062, 107361, 107667, 107961, 108270, 108564, 108861, 109163, 109481, 109774, 110080, 110380, 110686, 110983, 111274, 111583, 111901, 112216, 112540, 112846, 113172, 113460, 113775, 114084, 114402, 114732, 115050, 115365, 115668, 115977, 116292, 116610, 116943, 117246, 117561, 117870, 118173, 118470, 118779, 119082, 119403, 119724]",0.2999999999999998,2.4,1.6,True,False,0.4,0.1358728108844594,2.2203897749999997,0.5509744374999993,-0.17961022499999998,0.11678346797199912,2.5714285714285716,"[9274, 9583, 9910, 10303, 10714, 11122, 11509, 11890, 12286, 12670, 13054, 13414, 13813, 14155, 14542, 14953, 15358, 15727, 16087, 16453, 16831, 17230, 17626, 18049, 18433]",0.45,0.16754072369027337,1.7440528499999999,0.6398678750000004,0.14405284999999987,0.1201228985069013,1.875,"[18799, 19177, 19528, 19874, 20221, 20554, 20881, 21196, 21526, 21874, 22210, 22552, 22882, 23206, 23530, 23851, 24172, 24463, 24754, 25036, 25324, 25609, 25903, 26200, 26482, 26761]",0.2999999999999998,2.4,1.6,0.07485175283891787,0.040321745576069566
44,MUH1144,16.583333333333332,2024-07-31,9.0,9.0,10.0,0.9,0.05843684898920244,2.33700645,0.8425161250000004,-0.06299354999999988,0.06319746710048171,1.1176470588235294,"[82632, 82992, 83391, 83844, 84306, 84770, 85220, 85667, 86117, 86600, 87053, 87500, 87959, 88415, 88877, 89336, 89804, 90248, 90686, 91133, 91586, 92051, 92516, 92975, 93434]",0.85,0.0625004551308902,1.7041640999999998,0.7395897500000005,0.10416409999999994,0.034442297275522345,1.1875,"[93896, 94325, 94664, 95023, 95365, 95686, 96016, 96352, 96700, 97042, 97375, 97714, 98044, 98374, 98713, 99043, 99379, 99727, 100051, 100378, 100708, 101041, 101389, 101734, 102073]",0.2999999999999998,2.4,1.6,1.0,0.04016789257730578,2.363299875,0.9082496875000003,-0.03670012499999995,0.060451862516252716,1.0,"[31633, 32014, 32362, 32731, 33175, 33652, 34126, 34594, 35058, 35511, 35973, 36435, 36891, 37338, 37791, 38247, 38697, 39147, 39585, 40035, 40500, 40968, 41445, 41910, 42372, 42834, 43286, 43754, 44219, 44687, 45179, 45668, 46148, 46643, 47137, 47613, 48090, 48567, 49041, 49527, 50001, 50480, 50957, 51430, 51903, 52377, 52842, 53307, 53775, 54243, 54687, 55145, 55601, 56057, 56507, 56963, 57419, 57860, 58325, 58783, 59242, 59698, 60151, 60592, 61059, 61524, 61989, 62445, 62919, 63377, 63854, 64334, 64793, 65267, 65717, 66175, 66638, 67108, 67585, 68054, 68518, 68977, 69442, 69907, 70372, 70834, 71302, 71767, 72244, 72700, 73156, 73615, 74077, 74548, 75010, 75463, 75916, 76366, 76815, 77268]",0.9,0.07199151435916815,1.6502934,0.8742665000000002,0.05029339999999992,0.07883110871457841,1.1176470588235294,"[109862, 110222, 110561, 110909, 111245, 111578, 111902, 112241, 112565, 112898, 113241, 113568, 113892, 114216, 114540, 114876, 115205, 115541, 115880, 116219, 116564, 116888, 117224, 117545, 117857, 118169, 118496, 118817, 119126, 119450, 119780, 120104, 120431, 120758, 121106, 121438, 121765, 122092, 122422, 122743, 123079, 123409, 123745, 124078, 124411, 124741, 125062, 125389, 125706, 126033, 126366, 126699, 127023, 127353, 127674, 127995, 128325, 128658, 128985, 129309, 129639, 129972, 130305, 130623, 130956, 131295, 131622, 131925, 132255, 132573, 132888, 133209, 133527, 133843, 134179, 134512, 134854, 135196, 135541, 135847, 136168, 136492, 136810, 137136, 137454, 137777, 138104, 138431, 138755, 139096, 139438, 139779, 140125, 140437, 140755, 141070, 141385, 141691, 142009, 142330]",0.2999999999999998,2.4,1.6,True,False,1.0,0.03531083488370401,2.3650260000000003,0.912565000000001,-0.03497399999999997,0.06443634355855792,1.0,"[10762, 11154, 11550, 12003, 12450, 12921, 13392, 13851, 14316, 14787, 15249, 15702, 16161, 16629, 17082, 17540, 17990, 18440, 18899, 19349, 19808, 20273, 20744, 21206, 21668]",0.95,0.05668247338864642,1.6573656749999999,0.8565858125000005,0.05736567499999993,0.03921371204496037,1.0555555555555556,"[22130, 22538, 22856, 23177, 23495, 23819, 24149, 24473, 24803, 25127, 25457, 25787, 26105, 26426, 26753, 27080, 27419, 27740, 28063, 28396, 28732, 29053, 29389, 29728, 30055, 30382]",0.2999999999999998,2.4,1.6,0.04411342948416824,0.03668898119611673
45,MUH1145,7.75,2024-08-07,8.0,7.0,9.0,0.5,0.46122249200017623,2.1658451999999997,0.41461299999999934,-0.23415479999999994,0.2565908424565672,2.0,"[85847, 86240, 86627, 87065, 87500, 87941, 88451, 89033, 89579, 90050, 90503, 90935, 91208, 91898, 92162, 92819, 93269, 93782, 94234, 94642, 95077, 95608, 96157, 96685, 97225]",0.3,0.16287245235776845,1.8096098249999997,0.47597543750000093,0.2096098249999999,0.08774211654781236,3.0,"[97750, 98212, 98596, 98983, 99406, 99793, 100198, 100592, 101035, 101365, 101833, 102241, 102598, 102964, 103339, 103708, 104083, 104437, 104806, 105196, 105562, 105964, 106357, 106729, 107032]",0.2999999999999998,2.4,1.6,0.35,0.3277556187267027,2.2174126500000004,0.5435316250000012,-0.1825873499999999,0.3417962815042592,2.1666666666666665,"[95108, 95510, 95909, 96305, 96716, 97112, 97514, 97898, 98321, 98771, 99245, 99683, 100067, 100490, 100901, 101264, 101600, 101939, 102289, 102625, 103010, 103426, 103878, 104331, 104763, 105249, 105702, 106146, 106638, 107124, 107619, 108128, 108607, 109118, 109609, 110113, 110620, 111091, 111568, 112030, 112465, 112972, 113479, 113894, 114341, 114761, 115217, 115694, 116153, 116612, 117062, 117599, 118115, 118601, 119078, 119581, 120118, 120658, 121177, 121735, 122215, 122761, 123271, 123754, 124222, 124711, 125248, 125713, 126214, 126706, 127189, 127690, 128179, 128686, 129169, 129615, 130104, 130614, 131133, 131619, 132084, 132510, 132975, 133431, 133938, 134381, 134801, 135227, 135818, 136334, 136856, 137307, 137767, 138367, 138898, 139387, 139861, 140275, 140713, 141184]",0.5,0.16117582808506753,1.694215725,0.7644606875000001,0.09421572499999993,0.11604461177030738,1.7777777777777777,"[31391, 31740, 32133, 32495, 32896, 33286, 33658, 34036, 34402, 34765, 35113, 35452, 35788, 36127, 36450, 36801, 37116, 37461, 37809, 38199, 38574, 38946, 39303, 39669, 40040, 40418, 40811, 41153, 41555, 41901, 42248, 42610, 42994, 43326, 43665, 44022, 44358, 44691, 45057, 45405, 45756, 46128, 46458, 46812, 47154, 47520, 47865, 48225, 48585, 48942, 49322, 49691, 50048, 50429, 50801, 51149, 51461, 51797, 52127, 52499, 52889, 53213, 53573, 53957, 54293, 54611, 54932, 55265, 55595, 55961, 56276, 56630, 56978, 57329, 57647, 57980, 58313, 58661, 59000, 59327, 59693, 60071, 60440, 60800, 61159, 61534, 61924, 62329, 62676, 63009, 63345, 63641, 63950, 64283, 64628, 64961, 65276, 65606, 65950, 66307]",0.2999999999999998,2.4,1.6,False,True,0.5,0.17758004425636376,2.3430412499999997,0.8576031249999996,-0.056958749999999905,0.2320894352102228,2.0,"[11378, 11804, 12238, 12727, 13225, 13777, 14317, 14884, 15448, 15922, 16407, 16911, 17424, 17922, 18375, 18825, 19272, 19701, 20172, 20697, 21231, 21753, 22203, 22638, 23100]",0.8,0.1468093312332158,1.6205382750000001,0.9486543124999999,0.02053827499999993,0.08479102032778393,1.2,"[23538, 24084, 24471, 24864, 25281, 25656, 26007, 26340, 26703, 27069, 27426, 27795, 28182, 28518, 28845, 29175, 29493, 29819, 30129, 30470, 30807, 31157, 31496, 31838, 32178, 32507]",0.2999999999999998,2.4,1.6,0.06671202636538859,0.06954625800558582
46,MUH1146,8.5,2024-09-13,8.0,7.0,9.0,0.6,0.18268219929971533,2.431896825,1.0797420625,0.03189682500000004,0.07147154892407771,1.6363636363636365,"[87027, 87450, 87840, 88287, 88731, 89145, 89622, 90108, 90660, 91185, 91671, 92193, 92751, 93234, 93708, 94218, 94701, 95217, 95718, 96213, 96729, 97224, 97659, 98109, 98571]",0.4,0.2159857413009748,1.8545498999999996,0.36362525000000095,0.2545498999999999,0.08698369884628894,2.0,"[99057, 99522, 99920, 100347, 100736, 101087, 101481, 101939, 102437, 102824, 103184, 103569, 103908, 104253, 104612, 104915, 105287, 105644, 106025, 106391, 106784, 107225, 107579, 107936, 108257]",0.2999999999999998,2.4,1.6,0.3,0.6970212907163446,1.6361283,-0.9096792500000003,-0.7638716999999999,0.3072404627274889,1.6,"[252, 253, 254, 255, 256, 257, 258, 259, 260, 261, 262, 263, 264, 265, 266, 267, 268, 269, 270, 271, 272, 273, 274, 275, 276, 277, 278, 279, 280, 281, 282, 283, 284, 285, 286, 287, 288, 289, 290, 291, 292, 293, 294, 295, 296, 297, 298, 299, 300, 301, 302, 303, 304, 305, 306, 307, 308, 309, 310, 311, 312, 313, 314, 315, 316, 317, 318, 319, 320, 321, 322, 323, 324, 325, 326, 327, 328, 329, 330, 331, 332, 333, 334, 335, 336, 337, 338, 339, 340, 342, 343, 344, 345, 346, 347, 348, 349, 350, 351, 352]",0.3,0.35485443295837965,1.57000515,1.074987125,-0.02999485000000014,0.28790406141788333,3.2,"[77, 78, 79, 80, 81, 82, 83, 84, 85, 86, 87, 88, 89, 90, 91, 92, 93, 94, 95, 96, 97, 98, 99, 100, 101, 102, 103, 104, 105, 106, 107, 108, 109, 110, 111, 112, 113, 114, 115, 116, 117, 118, 119, 120, 121, 122, 123, 124, 125, 126, 127, 128, 129, 130, 131, 132, 133, 134, 135, 136, 137, 138, 139, 140, 141, 142, 143, 144, 145, 146, 147, 148, 149, 150, 151, 152, 153, 154, 155, 156, 157, 158, 159, 160, 161, 162, 163, 164, 165, 166, 167, 168, 169, 170, 171, 172, 173, 174, 175, 176]",0.2999999999999998,2.4,1.6,False,True,0.85,0.10811669083328193,2.37907365,0.9476841250000003,-0.020926349999999917,0.06342491374664314,1.1875,"[11405, 11864, 12313, 12829, 13375, 13897, 14347, 14770, 15223, 15685, 16120, 16591, 17080, 17580, 18030, 18489, 18981, 19479, 20016, 20511, 21015, 21534, 22011, 22473, 22959]",0.5,0.2595800212280659,1.6286925,0.92826875,0.028692499999999878,0.13496326321706092,1.6666666666666667,"[23445, 23898, 24242, 24612, 24966, 25214, 25580, 25937, 26301, 26636, 26984, 27365, 27722, 27992, 28319, 28631, 28958, 29201, 29447, 29771, 30044, 30350, 30695, 30971, 31358, 31751]",0.2999999999999998,2.4,1.6,0.15877223088038941,0.05043930921155049
47,MUH1148,12.333333333333334,2024-08-02,9.0,9.0,8.0,0.05,1.012464663712419,1.8876602249999999,-0.2808494375000004,-0.5123397749999998,7.826542475808118,,"[83529, 83949, 84283, 84651, 85024, 85440, 85852, 86247, 86586, 86955, 87347, 87743, 88154, 88508, 88928, 89318, 89714, 90050, 90442, 91004, 91304, 91666, 92128, 92599, 93082]",0.6,0.20054912712793266,1.601337225,0.9966569375000003,0.0013372249999999085,0.07520621934125041,1.3636363636363635,"[93487, 93928, 94351, 94795, 95227, 95617, 96025, 96448, 96880, 97270, 97555, 97876, 98206, 98539, 98851, 99175, 99517, 99841, 100197, 100536, 100860, 101184, 101499, 101820, 102141]",0.2999999999999998,2.4,1.6,0.15,0.47410945305688856,1.831413075,-0.42146731250000025,-0.5685869249999997,0.7738974228675797,8.0,"[253, 254, 255, 256, 257, 258, 259, 260, 261, 262, 263, 264, 265, 266, 267, 268, 269, 270, 271, 272, 273, 274, 275, 276, 277, 278, 279, 280, 281, 282, 283, 284, 285, 286, 287, 288, 289, 290, 291, 292, 293, 294, 295, 296, 297, 298, 299, 300, 301, 302, 303, 304, 305, 306, 307, 308, 309, 310, 311, 312, 313, 314, 315, 316, 317, 318, 319, 320, 321, 322, 323, 324, 325, 326, 327, 328, 329, 330, 331, 332, 333, 334, 335, 336, 337, 338, 339, 340, 341, 342, 343, 344, 345, 346, 347, 348, 349, 350, 351, 352]",0.15,0.7103999632564462,1.9072818750000002,0.23179531249999946,0.307281875,0.7830537397241841,1.0,"[78, 79, 80, 81, 82, 83, 84, 85, 86, 87, 88, 89, 90, 91, 92, 93, 94, 95, 96, 97, 98, 99, 100, 101, 102, 103, 104, 105, 106, 107, 108, 109, 110, 111, 112, 113, 114, 115, 116, 117, 118, 119, 120, 121, 122, 123, 124, 125, 126, 127, 128, 129, 130, 131, 132, 133, 134, 135, 136, 137, 138, 139, 140, 141, 142, 143, 144, 145, 146, 147, 148, 149, 150, 151, 152, 153, 154, 155, 156, 157, 158, 159, 160, 161, 162, 163, 164, 165, 166, 167, 168, 169, 170, 171, 172, 173, 174, 175, 176, 177]",0.2999999999999998,2.4,1.6,False,True,0.15,0.8235504957768125,1.841515875,-0.39621031250000005,-0.5584841249999999,1.0175702606062353,6.5,"[10408, 10792, 10957, 11452, 11854, 12202, 12691, 13078, 13408, 13849, 14259, 14628, 15013, 15393, 15684, 15999, 16317, 16598, 17084, 17525, 18005, 18443, 18860, 19262, 19622]",0.35,0.21409428727298704,1.599131325,1.0021716875,-0.000868675000000052,0.18590516378613026,2.3333333333333335,"[19997, 20411, 20837, 21200, 21599, 21977, 22343, 22706, 23069, 23414, 23789, 24140, 24446, 24800, 25112, 25418, 25724, 26036, 26330, 26645, 26945, 27269, 27605, 27944, 28325, 28673]",0.2999999999999998,2.4,1.6,0.06947748494542415,0.05277340898283576
48,MUH1155,12.666666666666666,2024-08-09,7.0,10.0,10.0,0.2,0.5119793641006358,1.9314071250000002,-0.17148218749999947,-0.46859287499999985,0.5208701118017751,2.0,"[78551, 78977, 79433, 79850, 80309, 80687, 81023, 81332, 81650, 81962, 82277, 82823, 83204, 83582, 83948, 84238, 84557, 84853, 85210, 85651, 86059, 86548, 87010, 87448, 87904]",0.2,0.3080294760011186,1.87554345,0.31114137500000033,0.2755434499999998,0.12067354124801859,2.6666666666666665,"[88321, 88717, 89044, 89401, 89773, 90127, 90478, 90868, 91255, 91609, 91975, 92365, 92737, 93040, 93448, 93811, 94159, 94528, 94918, 95326, 95719, 96079, 96526, 96948, 97234]",0.2999999999999998,2.4,1.6,0.2,0.24975426617478877,2.0396040749999997,0.09901018749999937,-0.36039592499999984,0.5398003251176046,6.0,"[253, 254, 255, 256, 257, 258, 259, 260, 261, 262, 263, 264, 265, 266, 267, 268, 269, 270, 271, 272, 273, 274, 275, 276, 277, 278, 279, 280, 281, 282, 283, 284, 285, 286, 287, 288, 289, 290, 291, 292, 293, 294, 295, 296, 297, 298, 299, 300, 301, 302, 303, 304, 305, 306, 307, 308, 309, 310, 311, 312, 313, 314, 315, 316, 317, 318, 319, 320, 321, 322, 323, 324, 325, 326, 327, 328, 329, 330, 331, 332, 333, 334, 335, 336, 337, 338, 339, 340, 341, 342, 343, 344, 345, 346, 347, 348, 349, 350, 351, 352]",0.2,0.5209014512551876,1.5330949500000002,1.1672626249999998,-0.06690505000000005,0.31728866303614606,3.3333333333333335,"[77, 78, 79, 80, 81, 82, 83, 84, 85, 86, 87, 88, 89, 90, 91, 92, 93, 94, 95, 96, 97, 98, 99, 100, 101, 102, 103, 104, 105, 106, 107, 108, 109, 110, 111, 112, 113, 114, 115, 116, 117, 118, 119, 120, 121, 122, 123, 124, 125, 126, 127, 128, 129, 130, 131, 132, 133, 134, 135, 136, 137, 138, 139, 140, 141, 142, 143, 144, 145, 146, 147, 148, 149, 150, 151, 152, 153, 154, 155, 156, 157, 158, 159, 160, 161, 163, 164, 165, 166, 167, 168, 169, 170, 171, 172, 173, 174, 175, 176, 177]",0.2999999999999998,2.4,1.6,False,True,0.45,0.20672741989081456,2.2243831500000004,0.5609578750000012,-0.17561684999999988,0.6455923556994416,1.75,"[10666, 11077, 11485, 11902, 12330, 12777, 13203, 13632, 14031, 14454, 14919, 15365, 15785, 16196, 16625, 17066, 17531, 18002, 18494, 18956, 19325, 19739, 20153, 20567, 21002]",0.3,0.19289158736317716,1.813911975,0.46522006250000036,0.21391197499999995,0.09117639828637528,3.6,"[21442, 21868, 22258, 22624, 22984, 23347, 23704, 24073, 24445, 24781, 25132, 25459, 25801, 26149, 26524, 26893, 27247, 27562, 27937, 28323, 28716, 29049, 29415, 29775, 30117, 30441]",0.2999999999999998,2.4,1.6,0.07285315764396616,0.03676208201969575
49,MUH1169,10.916666666666666,2024-09-04,10.0,9.0,8.0,0.3,0.2162066264183286,2.2515573000000004,0.6288932500000012,-0.14844269999999993,0.09414028647092434,3.4,"[90328, 90682, 91129, 91549, 92020, 92521, 92989, 93418, 93820, 94231, 94699, 95266, 95779, 96321, 96786, 97236, 97683, 98106, 98519, 98942, 99380, 99893, 100439, 100967, 101405]",0.15,0.38785300198326195,2.057199825,-0.14299956250000026,0.45719982499999984,0.07266030855596164,2.0,"[101828, 102332, 102701, 103016, 103337, 103727, 104195, 104723, 105167, 105647, 106169, 106664, 107093, 107588, 108023, 108488, 108823, 109140, 109515, 109875, 110175, 110496, 110850, 111267, 111672]",0.2999999999999998,2.4,1.6,0.4,0.15710407578752575,2.1869039999999993,0.46725999999999834,-0.2130959999999999,0.10402043298049926,2.7142857142857144,"[252, 253, 254, 255, 256, 257, 258, 259, 260, 261, 262, 263, 264, 265, 266, 267, 268, 269, 270, 271, 272, 273, 274, 275, 276, 277, 278, 279, 280, 281, 282, 283, 284, 285, 286, 287, 288, 289, 290, 291, 292, 293, 294, 295, 296, 297, 298, 299, 300, 301, 302, 303, 304, 305, 306, 307, 308, 309, 310, 311, 312, 313, 314, 315, 316, 317, 318, 319, 320, 321, 322, 323, 324, 325, 326, 327, 328, 329, 330, 331, 332, 333, 334, 335, 336, 337, 338, 339, 340, 341, 342, 343, 344, 345, 346, 347, 348, 349, 350, 351]",0.1,0.24439624865175413,2.1079339499999996,-0.2698348749999991,0.50793395,0.14310331916775573,1.0,"[77, 78, 79, 80, 81, 82, 83, 84, 85, 86, 87, 88, 89, 90, 91, 92, 93, 94, 95, 96, 97, 98, 99, 100, 101, 102, 103, 104, 105, 106, 107, 108, 109, 110, 111, 112, 113, 114, 115, 116, 117, 118, 119, 120, 121, 122, 123, 124, 125, 126, 127, 128, 129, 130, 131, 132, 133, 134, 135, 136, 137, 138, 139, 140, 141, 142, 143, 144, 145, 146, 147, 148, 149, 150, 151, 152, 153, 154, 155, 156, 157, 158, 159, 160, 161, 162, 163, 164, 165, 166, 167, 168, 169, 170, 171, 172, 173, 174, 175, 176]",0.2999999999999998,2.4,1.6,False,True,0.85,0.10552635056129912,2.3791428750000003,0.947857187500001,-0.0208571249999999,0.11119571986632312,1.125,"[12141, 12578, 13091, 13631, 14144, 14624, 15128, 15638, 16154, 16637, 17093, 17596, 18088, 18629, 19084, 19564, 20092, 20588, 21076, 21526, 21991, 22492, 22987, 23446, 23914]",0.05,0.27347063589629933,2.119305,-0.2982625000000006,0.5193049999999999,0.11610427486590855,,"[24379, 24862, 25228, 25588, 25963, 26371, 26821, 27223, 27691, 28111, 28534, 28972, 29443, 29893, 30352, 30796, 31240, 31684, 32164, 32620, 33055, 33486, 33957, 34371, 34770]",0.2999999999999998,2.4,1.6,0.20273801155088084,0.062441783657327256
50,MUH1172,7.416666666666667,2024-09-11,,,,0.05,0.4011976139857094,1.4833317,-1.2916707500000004,-0.9166682999999999,0.25332591391287224,,"[73324, 73651, 73984, 74314, 74665, 75019, 75346, 75630, 75891, 76152, 76414, 76683, 76959, 77232, 77523, 77811, 78099, 78432, 78741, 79044, 79467, 79782, 80118, 80457, 80802]",0.55,0.15058732386544985,1.7433237000000001,0.6416907499999998,0.1433236999999999,0.06966199239950235,1.6,"[81180, 81447, 81738, 81993, 82260, 82536, 82848, 83184, 83535, 83889, 84255, 84612, 84933, 85263, 85578, 85905, 86250, 86610, 86940, 87270, 87618, 87972, 88368, 88797, 89226]",0.2999999999999998,2.4,1.6,0.0,0.35898257072421097,1.6632479999999998,-0.8418800000000006,-0.7367519999999999,0.11554958272973462,,"[25315, 25642, 26101, 26359, 26656, 26968, 27270, 27585, 27888, 28200, 28502, 28829, 29153, 29480, 29815, 30147, 30507, 30756, 31044, 31296, 31560, 31818, 32238, 32502, 32814, 33180, 33495, 33819, 34196, 34445, 34691, 35003, 35276, 35516, 35750, 36007, 36319, 36823, 37096, 37360, 37621, 37897, 38197, 38542, 38851, 39202, 39465, 39723, 39975, 40245, 40575, 40902, 41238, 41583, 41922, 42240, 42561, 42888, 43212, 43575, 43857, 44142, 44430, 44835, 45117, 45405, 45669, 45955, 46258, 46737, 47046, 47346, 47760, 48039, 48354, 48693, 49059, 49332, 49587, 49890, 50344, 50669, 50989, 51290, 51685, 52053, 52326, 52611, 53082, 53337, 53628, 53913, 54213, 54516, 54810, 55092, 55401, 55704, 56022, 56525]",0.35,0.19043203314229434,1.7303524499999998,0.6741188750000006,0.1303524499999999,0.12772506633595712,3.0,"[84079, 84409, 84763, 85090, 85447, 85786, 86134, 86542, 86911, 87268, 87664, 88000, 88369, 88717, 89074, 89440, 89782, 90124, 90460, 90777, 91125, 91479, 91836, 92169, 92472, 92814, 93294, 93669, 94041, 94479, 94815, 95154, 95694, 96028, 96399, 96753, 97094, 97469, 97856, 98213, 98552, 98887, 99274, 99682, 100057, 100438, 100801, 101236, 101656, 101997, 102284, 102599, 102936, 103299, 103782, 104166, 104561, 105268, 105658, 106054, 106504, 106966, 107320, 107703, 108057, 108435, 108798, 109203, 109593, 109938, 110243, 110561, 110894, 111233, 111565, 111913, 112285, 112654, 112990, 113338, 113671, 114037, 114391, 114769, 115129, 115483, 115816, 116185, 116524, 116827, 117127, 117451, 117793, 118132, 118471, 118807, 119140, 119453, 119783, 120137]",0.2999999999999998,2.4,1.6,True,False,0.65,0.2055147285700413,2.4088643249999997,1.0221608124999995,0.00886432500000014,0.1899337533888571,1.5,"[11255, 11606, 11987, 12452, 12899, 13571, 14096, 14516, 14903, 15359, 15839, 16295, 16811, 17317, 17818, 18319, 18817, 19306, 19801, 20287, 20791, 21295, 21766, 22231, 22723]",0.15,0.3716772903210066,1.66027305,0.8493173750000002,0.06027304999999992,0.11684460140269604,6.0,"[23233, 23722, 24112, 24400, 24724, 25063, 25420, 25780, 26086, 26440, 26809, 27154, 27514, 27850, 28195, 28573, 28894, 29077, 29209, 29434, 29719, 30025, 30406, 30769, 31141, 31522]",0.2999999999999998,2.4,1.6,0.12700500980337434,0.04772064385710692
51,MUH1189,7.25,2024-11-05,,,,0.7,0.19580686604295358,2.3039043,0.7597607500000005,-0.09609569999999994,0.327688285154841,1.3846153846153846,"[98640, 99045, 99462, 99957, 100452, 100950, 101463, 101967, 102444, 102972, 103485, 104010, 104490, 105003, 105510, 106050, 106607, 107138, 107699, 108245, 108779, 109310, 109837, 110335, 110806]",0.45,0.1491374270217256,1.76449335,0.5887666250000002,0.16449334999999995,0.0756667976431982,2.375,"[111256, 111715, 112132, 112507, 112885, 113269, 113650, 114031, 114394, 114781, 115135, 115537, 115939, 116344, 116734, 117106, 117478, 117907, 118378, 118807, 119191, 119593, 119980, 120412, 120777]",0.2999999999999998,2.4,1.6,0.6,0.19027908687005676,2.26767555,0.6691888749999998,-0.1323244499999999,0.34407173342168973,1.6363636363636365,"[33653, 34136, 34604, 35057, 35504, 36016, 36566, 37056, 37596, 38103, 38571, 39060, 39546, 40101, 40623, 41175, 41712, 42255, 42762, 43284, 43842, 44361, 44892, 45359, 45991, 46545, 47031, 47592, 48117, 48618, 49140, 49664, 50200, 50713, 51206, 51715, 52243, 52734, 53252, 53798, 54289, 54824, 55312, 55837, 56395, 56912, 57422, 57926, 58478, 58982, 59489, 59963, 60467, 61035, 61557, 62037, 62515, 63056, 63506, 63806, 64496, 65072, 65588, 66068, 66557, 67080, 67599, 68100, 68574, 69054, 69537, 70128, 70773, 71396, 71891, 72347, 72820, 73312, 73807, 74286, 74757, 75201, 75822, 76326, 76782, 77295, 77775, 78312, 78819, 79283, 79778, 80231, 80732, 81242, 81725, 82288, 82826, 83333, 83849, 84395]",0.45,0.16940523005327185,1.7147228250000002,0.7131929374999997,0.1147228249999999,0.11556849018364719,2.375,"[118620, 119055, 119445, 119814, 120212, 120605, 120998, 121478, 121889, 122348, 122792, 123176, 123551, 123935, 124304, 124694, 125072, 125462, 125873, 126284, 126634, 127034, 127399, 127780, 128125, 128500, 128908, 129379, 129742, 130093, 130459, 130834, 131179, 131529, 131933, 132287, 132635, 133037, 133388, 133760, 134147, 134534, 134930, 135296, 135659, 136022, 136382, 136719, 137058, 137439, 137799, 138177, 138531, 138873, 139287, 139620, 140046, 140414, 140796, 141212, 141542, 141896, 142250, 142610, 142948, 143276, 143593, 143958, 144351, 144756, 145137, 145494, 145845, 146214, 146577, 146946, 147309, 147648, 148026, 148410, 148815, 149208, 149589, 149987, 150380, 150767, 151136, 151522, 151924, 152326, 152725, 153052, 153433, 153806, 154175, 154553, 154934, 155312, 155669, 156029]",0.2999999999999998,2.4,1.6,True,False,0.5,0.1988238688473898,2.277499125,0.6937478124999997,-0.12250087499999988,0.41327298825418685,1.7777777777777777,"[101, 28, 29, 30, 31, 32, 33, 34, 35, 110, 111, 112, 39, 40, 41, 116, 117, 118, 119, 120, 121, 48, 49, 50, 51]",0.5,0.10406210957434583,1.7412573000000002,0.6468567499999995,0.1412572999999999,0.09063150186133023,1.7777777777777777,"[52, 127, 54, 129, 130, 57, 132, 133, 134, 61, 62, 137, 138, 65, 140, 141, 142, 69, 144, 71, 146, 147, 148, 149, 150, 151]",0.2999999999999998,2.4,1.6,0.2602756710563297,0.09042177656193318
52,MUH1207,13.916666666666666,2024-11-11,9.0,10.0,10.0,0.55,0.4419513320892953,2.2179013500000004,0.5447533750000012,-0.18209864999999995,0.3936056683013833,1.7,"[82335, 82737, 83163, 83575, 84006, 84423, 84825, 85284, 85770, 86259, 86751, 87240, 87730, 88242, 88737, 89199, 89682, 90168, 90591, 91029, 91467, 91917, 92355, 93255, 93666]",0.05,0.1835809701053777,2.0131866,-0.03296650000000013,0.41318659999999996,0.16781769525824491,,"[94092, 94553, 94913, 95304, 95702, 96098, 96491, 96851, 97247, 97640, 98030, 98426, 98834, 99209, 99566, 99950, 100349, 100817, 101210, 101612, 102058, 102439, 102820, 103195, 103540]",0.2999999999999998,2.4,1.6,0.8,0.10556831527829132,2.3437782749999996,0.8594456874999992,-0.05622172499999989,0.03221074150752932,1.2666666666666666,"[101637, 102042, 102450, 102867, 103296, 103716, 104127, 104532, 104949, 105463, 105985, 106488, 106965, 107466, 107985, 108450, 108922, 109402, 109863, 110340, 110793, 111270, 111741, 112212, 112680, 113130, 113610, 114090, 114567, 115044, 115512, 115986, 116457, 116931, 117396, 117870, 118338, 118800, 119271, 119763, 120228, 120699, 121167, 121632, 122109, 122586, 123042, 123534, 124029, 124530, 125016, 125490, 125970, 126444, 126905, 127364, 127798, 128257, 128710, 129160, 129607, 130045, 130489, 130933, 131404, 131848, 132283, 132721, 133156, 133603, 134050, 134506, 134941, 135397, 135859, 136324, 136786, 137242, 137692, 138139, 138577, 139015, 139450, 139867, 140289, 140716, 141130, 141564, 141990, 142443, 142902, 143370, 143823, 144282, 144747, 145200, 145664, 146146, 146608, 147079]",0.15,0.43290170890922,2.0384868750000003,-0.09621718750000066,0.4384868749999999,0.16113979314900012,2.0,"[32572, 32963, 33388, 33811, 34183, 34525, 34867, 35209, 35569, 35911, 36250, 36607, 36967, 37369, 37798, 38212, 38644, 39100, 39454, 39772, 40110, 40479, 40851, 41211, 41537, 41855, 42191, 42533, 42887, 43231, 43573, 43942, 44305, 44668, 44989, 45251, 45527, 45806, 46097, 46439, 46772, 47102, 47459, 47807, 48152, 48509, 48848, 49186, 49552, 49927, 50296, 50626, 50965, 51313, 51661, 52012, 52369, 52738, 53095, 53413, 53701, 53998, 54328, 54658, 54991, 55297, 55636, 55992, 56295, 56628, 56955, 57273, 57606, 57915, 58287, 58638, 58971, 59322, 59661, 59982, 60345, 60798, 61191, 61500, 61845, 62214, 62604, 63066, 63528, 63990, 64440, 64839, 65229, 65679, 66153, 66600, 67062, 67476, 67875, 68271]",0.2999999999999998,2.4,1.6,False,True,0.9,0.13041365711255495,2.4001759500000004,1.0004398750000012,0.00017595000000010242,0.04104898895542532,1.0588235294117647,"[11587, 11983, 12415, 12862, 13309, 13774, 14230, 14689, 15160, 15616, 16078, 16531, 16945, 17383, 17845, 18316, 18763, 19213, 19672, 20137, 20590, 21043, 21499, 21958, 22459]",0.35,0.13142299787424055,1.7349024,0.6627440000000002,0.1349023999999999,0.16692636717450776,3.1666666666666665,"[22951, 23398, 23779, 24139, 24490, 24784, 25111, 25453, 25798, 26140, 26506, 26857, 27198, 27498, 27807, 28140, 28482, 28836, 29178, 29538, 29871, 30213, 30555, 30897, 31155, 31461]",0.2999999999999998,2.4,1.6,0.158080808634195,0.04370818670470919
53,MUH1216,8.916666666666666,2025-01-10,9.0,9.0,6.0,0.5,0.1724933008390242,2.253042,0.6326050000000006,-0.1469579999999999,0.2333150219950452,2.111111111111111,"[74808, 75155, 75513, 75989, 76367, 76718, 77090, 77489, 77897, 78371, 78782, 79145, 79523, 80000, 80384, 80771, 81206, 81608, 82010, 82406, 82817, 83255, 83633, 84002, 84455]",0.45,0.2109422115579912,1.7077726500000001,0.7305683749999998,0.10777264999999994,0.10004482575944676,2.125,"[84986, 85400, 85772, 86033, 86330, 86582, 86849, 87119, 87383, 87653, 87965, 88325, 88625, 88940, 89273, 89600, 89969, 90305, 90647, 90923, 91235, 91571, 91875, 92222, 92571]",0.2999999999999998,2.4,1.6,0.5,0.20142494430523197,2.3000845500000002,0.7502113750000008,-0.09991544999999993,0.22738153337117595,2.111111111111111,"[30098, 30480, 30856, 31277, 31588, 32068, 32494, 32878, 33223, 33664, 34087, 34476, 34891, 35256, 35823, 36261, 36756, 37302, 37761, 38223, 38574, 38980, 39438, 39820, 40221, 40660, 41022, 41412, 41791, 42208, 42644, 43081, 43489, 43902, 44347, 44823, 45236, 45662, 46045, 46426, 46900, 47290, 47710, 48127, 48517, 48928, 49309, 49743, 50135, 50542, 50900, 51304, 51707, 52117, 52496, 52894, 53295, 53709, 54099, 54515, 54980, 55391, 55778, 56173, 56531, 57393, 57902, 58337, 58679, 59036, 59336, 59717, 60074, 60425, 60818, 61243, 61666, 62161, 62653, 63088, 63508, 63949, 64399, 64814, 65234, 65632, 66016, 66431, 66913, 67366, 67825, 68255, 68596, 68941, 69316, 69808, 70237, 70618, 70984, 71437]",0.25,0.2862877905147599,1.926117075,0.18470731249999986,0.326117075,0.1274809257443892,4.5,"[100539, 100860, 101157, 101442, 101747, 102080, 102541, 102880, 103168, 103465, 103766, 104053, 104356, 104670, 105034, 105306, 105592, 105897, 106251, 106602, 106918, 107259, 107577, 107884, 108186, 108498, 108804, 109086, 109383, 109707, 110052, 110395, 110724, 111065, 111428, 111746, 112103, 112439, 112773, 113079, 113369, 113681, 114020, 114404, 114735, 115073, 115379, 115667, 115978, 116338, 116647, 116947, 117220, 117545, 117871, 118129, 118393, 118715, 119015, 119273, 119534, 119804, 120097, 120415, 120721, 121045, 121351, 121690, 121978, 122258, 122509, 122770, 123044, 123328, 123670, 123973, 124285, 124588, 124882, 125224, 125545, 125851, 126184, 126520, 126847, 127183, 127526, 127919, 128317, 128695, 129056, 129463, 129886, 130219, 130586, 130907, 131339, 131672, 131996, 132365]",0.2999999999999998,2.4,1.6,True,False,0.45,0.5705908789606537,1.9082702250000003,-0.22932443749999926,-0.4917297749999999,0.9377924932253565,1.875,"[8960, 9254, 9635, 10052, 10520, 10670, 10904, 11198, 11570, 11951, 12257, 12728, 13118, 13448, 13727, 14033, 14405, 14834, 15169, 15565, 16018, 16423, 16801, 17245, 17650]",0.2,0.36813996987874464,1.444425075,1.3889373125000002,-0.1555749250000001,0.33249570169310805,2.0,"[18052, 18433, 18691, 18952, 19162, 19438, 19738, 20044, 20347, 20656, 21022, 21289, 21532, 21775, 21973, 22192, 22438, 22693, 23029, 23254, 23440, 23740, 24004, 24280, 24589, 24832]",0.2999999999999998,2.4,1.6,0.17765779697601858,0.09787652021784989
54,MUH1217,11.083333333333334,2024-11-12,10.0,10.0,10.0,0.4,0.22365710885846726,2.264664825,0.6616620625000004,-0.13533517499999986,0.06011395587316626,2.142857142857143,"[83808, 84222, 84639, 85047, 85452, 85842, 86214, 86690, 87095, 87512, 87899, 88307, 88666, 89050, 89383, 89896, 90334, 90793, 91213, 91624, 92053, 92467, 92869, 93265, 93649]",0.0,0.14307037639873485,2.3907683250000002,-0.9769208125000008,0.7907683249999999,0.07314831853918916,,"[94051, 94441, 94936, 95365, 95779, 96208, 96691, 97087, 97522, 97942, 98346, 98763, 99186, 99639, 100125, 100551, 100995, 101382, 101846, 102337, 102760, 103168, 103606, 104053, 104494]",0.2999999999999998,2.4,1.6,0.45,0.18507633882090205,2.194413675,0.4860341874999997,-0.2055863249999999,0.12923571892642055,2.0,"[77, 78, 79, 80, 81, 82, 83, 84, 85, 86, 87, 88, 89, 90, 91, 92, 93, 94, 95, 96, 97, 98, 99, 100, 101, 102, 103, 104, 105, 106, 107, 108, 109, 110, 111, 112, 113, 114, 115, 116, 117, 118, 119, 120, 121, 122, 123, 124, 125, 126, 127, 128, 129, 130, 131, 132, 133, 134, 135, 136, 137, 138, 139, 140, 141, 142, 143, 144, 145, 146, 147, 148, 149, 150, 151, 152, 153, 154, 155, 156, 157, 158, 159, 160, 161, 162, 163, 164, 165, 166, 167, 168, 169, 170, 171, 172, 173, 174, 175, 176]",0.0,0.1780933556987887,2.1146188500000003,-0.28654712500000074,0.51461885,0.10622664573399399,,"[252, 253, 254, 255, 256, 257, 258, 259, 260, 261, 262, 263, 264, 265, 266, 267, 268, 269, 270, 271, 272, 273, 274, 275, 276, 277, 278, 279, 280, 281, 282, 283, 284, 285, 286, 287, 288, 289, 290, 291, 292, 293, 294, 295, 296, 297, 298, 299, 300, 301, 302, 303, 304, 305, 306, 307, 308, 309, 310, 311, 312, 313, 314, 315, 316, 317, 318, 319, 320, 321, 322, 323, 324, 325, 326, 327, 328, 329, 330, 331, 332, 333, 334, 335, 336, 337, 338, 339, 340, 341, 342, 343, 344, 345, 346, 347, 348, 349, 350, 351]",0.2999999999999998,2.4,1.6,True,False,0.3,0.1928710149569901,2.17473825,0.4368456249999998,-0.22526174999999987,0.13511104880133912,3.0,"[11823, 12246, 12642, 13062, 13536, 13974, 14406, 14829, 15246, 15632, 16048, 16415, 16816, 17212, 17590, 17998, 18403, 18784, 19138, 19519, 19870, 20281, 20644, 21001, 21397]",0.0,0.18119304236324685,2.251750575,-0.6293764375,0.6517505749999999,0.09544131467343231,,"[21775, 22219, 22612, 23032, 23401, 23830, 24241, 24682, 25077, 25509, 25932, 26316, 26733, 27111, 27525, 27918, 28338, 28745, 29141, 29561, 29927, 30389, 30794, 31202, 31637, 31997]",0.2999999999999998,2.4,1.6,0.04371852421770558,0.053093601938383174
55,MUH1227,12.083333333333334,2024-11-20,10.0,10.0,10.0,0.75,0.13046395895564009,2.3819787000000003,0.9549467500000011,-0.018021299999999928,0.06607418997592451,1.3571428571428572,"[89849, 90239, 90692, 91223, 91730, 92261, 92789, 93299, 93812, 94310, 94838, 95318, 95786, 96257, 96701, 97184, 97697, 98234, 98747, 99293, 99809, 100334, 100861, 101398, 101965]",0.6,0.1603768819054761,1.656948525,0.8576286875000002,0.05694852499999994,0.10951132538243713,1.2727272727272727,"[102502, 103033, 103378, 103711, 104029, 104377, 104683, 105019, 105355, 105682, 106036, 106396, 106738, 107110, 107470, 107833, 108193, 108562, 108928, 109267, 109648, 110062, 110467, 110860, 111157]",0.2999999999999998,2.4,1.6,0.95,0.09105607432379165,2.3767331250000003,0.9418328125000011,-0.023266874999999864,0.085713064087717,1.0555555555555556,"[38677, 39145, 39646, 40145, 40640, 41099, 41597, 42086, 42590, 43073, 43574, 44084, 44606, 45113, 45611, 46112, 46613, 47114, 47632, 48133, 48628, 49168, 49694, 50189, 50687, 51209, 51719, 52229, 52739, 53240, 53752, 54286, 54814, 55334, 55849, 56362, 56881, 57400, 57951, 58473, 59001, 59529, 60063, 60578, 61067, 61570, 62086, 62605, 63118, 63652, 64189, 64717, 65251, 65764, 66283, 66796, 67306, 67801, 68317, 68845, 69373, 69880, 70405, 70960, 71485, 71997, 72506, 73004, 73499, 73989, 74485, 75004, 75523, 76024, 76512, 76992, 77493, 77970, 78440, 78921, 79433, 79934, 80450, 80951, 81443, 81938, 82438, 82930, 83444, 83942, 84446, 84955, 85465, 85960, 86428, 86935, 87435, 87953, 88466, 88997]",0.5,0.29168011335548477,1.6158215999999999,0.9604460000000006,0.015821599999999887,0.1804242963895566,1.6666666666666667,"[126108, 126534, 126963, 127356, 127659, 127956, 128280, 128604, 128907, 129222, 129555, 129900, 130281, 130635, 130973, 131336, 131677, 132004, 132352, 132688, 133027, 133354, 133684, 134011, 134356, 134683, 135040, 135397, 135772, 136147, 136498, 136852, 137191, 137575, 137968, 138360, 138768, 139208, 139595, 139854, 140159, 140585, 140951, 141287, 141545, 141950, 142384, 142696, 142996, 143290, 143596, 143906, 144206, 144500, 144806, 145126, 145432, 145738, 146062, 146380, 146686, 147002, 147308, 147617, 147956, 148277, 148619, 148943, 149273, 149672, 150104, 150452, 150743, 151085, 151541, 152030, 152489, 152777, 153145, 153469, 153830, 154256, 154747, 155149, 155437, 155767, 156061, 156370, 156679, 157024, 157356, 157683, 158010, 158718, 159062, 159416, 159788, 160166, 160544, 160901]",0.2999999999999998,2.4,1.6,True,False,0.75,0.21794998514304742,2.3296730250000004,0.8241825625000012,-0.07032697499999982,0.20884054162047253,1.3571428571428572,"[11932, 12360, 12771, 13243, 13737, 14208, 14685, 15180, 17318, 17837, 18344, 18854, 19352, 19832, 20321, 20813, 21311, 21824, 22328, 22835, 23356, 23869, 24367, 24862, 25370]",0.7,0.2541661787941731,1.4706579,1.3233552500000003,-0.12934210000000007,0.3309155626374653,1.2307692307692308,"[25906, 26437, 26911, 27301, 27604, 27913, 28201, 28495, 29713, 30073, 30403, 30703, 31024, 31360, 31684, 32005, 32329, 32653, 32974, 33310, 33646, 33982, 34339, 35008, 35347, 35695]",0.2999999999999998,2.4,1.6,0.1035743802110804,0.03304179207148225
56,MUH1272,8.75,2025-01-29,8.0,10.0,10.0,0.4,0.21208975606502325,2.2502807999999996,0.6257019999999992,-0.14971919999999989,0.431464422563816,2.4285714285714284,"[278, 279, 280, 281, 282, 283, 284, 285, 286, 287, 288, 289, 290, 291, 292, 293, 294, 295, 296, 297, 298, 299, 300, 301, 302]",0.65,0.16419182943767768,1.6064720249999997,0.9838199375000009,0.006472024999999859,0.21766539122527911,1.3333333333333333,"[303, 304, 305, 306, 307, 308, 309, 310, 311, 312, 313, 314, 315, 316, 317, 318, 319, 320, 321, 322, 323, 324, 325, 326, 327]",0.2999999999999998,2.4,1.6,0.55,0.5567074163000445,2.1258079499999996,0.31451987499999895,-0.27419204999999996,4.826214962462571,1.5,"[263, 264, 265, 266, 267, 268, 269, 270, 271, 272, 273, 274, 275, 276, 277, 278, 279, 280, 281, 282, 283, 284, 285, 286, 287, 288, 289, 290, 291, 292, 293, 294, 295, 296, 297, 298, 299, 300, 301, 302, 303, 304, 305, 306, 307, 308, 309, 310, 311, 312, 313, 314, 315, 316, 317, 318, 319, 320, 321, 322, 323, 324, 325, 326, 327, 328, 329, 330, 331, 332, 333, 334, 335, 336, 337, 338, 339, 340, 341, 342, 343, 344, 345, 346, 347, 348, 349, 350, 351, 352, 353, 354, 355, 356, 357, 358, 359, 360, 361, 362]",0.4,0.1340037372308065,1.830953925,0.42261518750000016,0.2309539249999999,0.12156720348388786,2.5714285714285716,"[88, 89, 90, 91, 92, 93, 94, 95, 96, 97, 98, 99, 100, 101, 102, 103, 104, 105, 106, 107, 108, 109, 110, 111, 112, 113, 114, 115, 116, 117, 118, 119, 120, 121, 122, 123, 124, 125, 126, 127, 128, 129, 130, 131, 132, 133, 134, 135, 136, 137, 138, 139, 140, 141, 142, 143, 144, 145, 146, 147, 148, 149, 150, 151, 152, 153, 154, 155, 156, 157, 158, 159, 160, 161, 162, 163, 164, 165, 166, 167, 168, 169, 170, 171, 172, 173, 174, 175, 176, 177, 178, 179, 180, 181, 182, 183, 184, 185, 186, 187]",0.2999999999999998,2.4,1.6,False,True,0.25,0.6544674326512696,2.168007975,0.42001993750000033,-0.23199202499999982,4.414711595450048,4.25,"[9994, 10354, 10696, 11107, 11494, 11926, 12376, 12808, 13213, 13645, 14179, 14605, 15034, 15475, 15844, 16291, 16612, 17008, 17350, 17767, 18142, 18322, 18958, 19510, 20026]",0.2,0.4096960521641519,1.7751753749999999,0.5620615625000004,0.17517537499999988,0.2744349587363,4.0,"[20698, 21178, 21565, 21922, 22273, 22639, 23032, 23410, 23731, 24094, 24439, 24796, 25141, 25510, 25897, 26281, 26599, 26884, 27112, 27505, 27832, 28174, 28510, 28891, 29317, 29716]",0.2999999999999998,2.4,1.6,0.11443628871097228,0.056461407608646375
57,MUH1273,11.0,2025-01-29,9.0,9.0,9.0,0.6,0.13265104185803828,2.297539125,0.7438478125000004,-0.10246087499999992,0.4064586306177239,1.6363636363636365,"[73459, 73804, 74200, 74611, 75091, 75499, 75955, 76404, 76870, 77382, 77848, 78370, 78814, 79219, 79657, 80110, 80629, 81154, 81621, 82098, 82584, 83073, 83532, 84012, 84456]",0.05,0.2837712955787253,1.9549290750000001,0.11267731249999971,0.3549290749999999,0.11273963038060061,,"[84936, 85407, 85806, 86184, 86559, 86907, 87234, 87569, 87950, 88337, 88823, 89171, 89573, 90011, 90428, 90879, 91298, 91694, 92093, 92510, 92894, 93216, 93588, 94071, 94491]",0.2999999999999998,2.4,1.6,0.2,0.18889526358509953,2.1553134000000003,0.3882835000000008,-0.2446865999999998,0.35487042360900817,4.333333333333333,"[77, 78, 79, 80, 81, 82, 83, 84, 85, 86, 87, 88, 89, 90, 91, 92, 93, 94, 95, 96, 97, 98, 99, 100, 101, 102, 103, 104, 105, 106, 107, 108, 109, 110, 111, 112, 113, 114, 115, 116, 117, 118, 119, 120, 121, 122, 123, 124, 125, 126, 127, 128, 129, 130, 131, 132, 133, 134, 135, 136, 137, 138, 139, 140, 141, 142, 143, 144, 145, 146, 147, 148, 149, 150, 151, 155, 156, 157, 158, 159, 160, 161, 162, 163, 164, 165, 166, 167, 168, 169, 170, 171, 172, 173, 174, 175, 176, 177, 178, 179]",0.3,0.21682377717068568,1.9124268,0.2189330000000001,0.3124267999999999,0.18825720803380758,3.6,"[255, 256, 257, 258, 259, 260, 261, 262, 263, 264, 265, 266, 267, 268, 269, 270, 271, 272, 273, 274, 275, 276, 277, 278, 279, 280, 281, 282, 283, 284, 285, 286, 287, 288, 289, 290, 291, 292, 293, 294, 295, 296, 297, 298, 299, 300, 301, 302, 303, 304, 305, 306, 307, 308, 309, 310, 311, 312, 313, 314, 315, 316, 317, 318, 319, 320, 321, 322, 323, 324, 325, 326, 327, 328, 329, 330, 331, 332, 333, 334, 335, 336, 337, 338, 339, 340, 341, 342, 343, 344, 345, 346, 347, 348, 349, 350, 351, 352, 353, 354]",0.2999999999999998,2.4,1.6,True,False,0.35,0.15246386596996434,2.192016675,0.4800416875000003,-0.20798332499999983,0.4962879326381252,1.8333333333333333,"[10663, 11041, 11431, 11943, 12342, 12795, 13239, 13677, 14112, 14625, 15105, 15546, 15990, 16416, 16908, 17397, 17853, 18300, 18735, 19170, 19617, 20064, 20505, 20934, 21345]",0.5,0.14785210916569327,1.7659395750000002,0.5851510624999996,0.1659395749999999,0.22580989362028933,1.4444444444444444,"[21762, 22176, 22572, 22950, 23349, 23730, 24132, 24525, 24909, 25308, 25713, 26129, 26516, 26861, 27182, 27512, 27857, 28200, 28542, 28887, 29216, 29549, 29903, 30227, 30560, 30920]",0.2999999999999998,2.4,1.6,0.0888193327522534,0.030214289836429976
58,MUH1358,16.416666666666668,2025-02-27,9.0,10.0,9.0,0.8,0.10909023960849488,2.3964041250000006,0.9910103125000016,-0.003595874999999893,0.1057115094916812,1.2666666666666666,"[88072, 88456, 88930, 89434, 89929, 90430, 90922, 91408, 91900, 92389, 92943, 93462, 93984, 94512, 95028, 95559, 96054, 96561, 97065, 97565, 98072, 98597, 99104, 99647, 100181]",0.55,0.1788118036589598,1.645362075,0.8865948125000003,0.04536207499999989,0.13603770143946528,1.7,"[100688, 101123, 101519, 101903, 102290, 102674, 103055, 103439, 103798, 104155, 104530, 104884, 105265, 105613, 105982, 106351, 106759, 107149, 107503, 107842, 108199, 108565, 108865, 109186, 109498]",0.2999999999999998,2.4,1.6,0.7,0.13120094841355298,2.3625177,0.9062942500000006,-0.03748229999999988,0.2152113800204682,1.4615384615384615,"[33288, 33711, 34098, 34566, 35031, 35511, 36033, 36618, 37059, 37451, 37826, 38255, 38846, 39397, 39886, 40327, 40618, 40927, 41272, 41542, 41773, 42043, 42292, 42548, 42904, 43270, 43714, 44299, 44887, 45451, 45931, 46453, 46969, 47487, 48018, 48543, 49080, 49605, 50133, 50669, 51200, 51719, 52232, 52748, 53255, 53780, 54275, 54809, 55328, 55841, 56378, 56874, 57390, 57873, 58401, 58845, 59382, 59859, 60342, 60870, 61287, 61656, 62079, 62577, 63062, 63554, 64040, 64532, 65039, 65549, 66062, 66587, 67133, 67673, 68186, 68693, 69187, 69691, 70168, 70645, 71125, 71599, 72060, 72551, 73052, 73541, 74063, 74555, 75038, 75500, 76022, 76526, 77108, 77621, 78130, 78647, 79207, 79743, 80280, 80775]",0.5,0.3018786629681265,1.6733428500000003,0.8166428749999995,0.07334284999999989,0.26079216781398273,2.0,"[116962, 117390, 117799, 118203, 118587, 118971, 119349, 119724, 120096, 120465, 120846, 121239, 121593, 121923, 122274, 122625, 122958, 123318, 123654, 123978, 124333, 124697, 125047, 125386, 125719, 126067, 126424, 126775, 127159, 127471, 127762, 128077, 128452, 128800, 129175, 129538, 129898, 130255, 130612, 130981, 131344, 131704, 132052, 132385, 132730, 133069, 133387, 133705, 134035, 134373, 134715, 135051, 135375, 135690, 136005, 136309, 136638, 136953, 137280, 137611, 137934, 138267, 138594, 138933, 139263, 139608, 139950, 140292, 140628, 140958, 141297, 141612, 141933, 142251, 142581, 142905, 143253, 143610, 143946, 144264, 144591, 144936, 145266, 145605, 145944, 146295, 146649, 146991, 147342, 147721, 148139, 148588, 149092, 149545, 149929, 150352, 150726, 151125, 151485, 151842]",0.2999999999999998,2.4,1.6,True,False,0.75,0.18621292755036012,2.340088575,0.8502214374999997,-0.05991142499999993,0.21938060555719624,1.2857142857142858,"[11786, 12200, 12611, 13013, 13376, 13742, 14171, 14635, 15103, 15589, 16105, 16623, 17160, 17670, 18192, 18681, 19137, 19662, 20178, 20685, 21189, 21669, 22212, 22749, 23280]",0.55,0.2648455916712008,1.6695303000000004,0.8261742499999993,0.06953029999999989,0.15097540202695436,1.9,"[23823, 24246, 24750, 25191, 25587, 26028, 26418, 26859, 27264, 27678, 28109, 28481, 28826, 29192, 29504, 29927, 30356, 30653, 30959, 31268, 31619, 31907, 32282, 32660, 32960, 33266]",0.2999999999999998,2.4,1.6,0.044514553807821676,0.016379917803124457
59,MUH1382,11.583333333333334,2025-01-29,10.0,10.0,10.0,0.5,0.5131236514843337,2.1245697,0.3114242499999998,-0.2754303,1.4298765512371554,2.111111111111111,"[62539, 62857, 63169, 63496, 64824, 65205, 65523, 65842, 66019, 66480, 66801, 67105, 67428, 67723, 68038, 68359, 68710, 69052, 69381, 69708, 70041, 70368, 70734, 71118, 71457]",0.15,0.48468473790119426,1.9400040749999998,0.14998981250000046,0.34000407499999996,0.46543413130082917,3.0,"[71805, 72162, 72452, 72873, 73212, 73548, 73899, 74217, 74577, 74871, 75168, 75462, 75741, 76041, 76347, 76647, 76932, 77223, 77397, 77811, 78156, 78506, 78791, 79127, 79454]",0.2999999999999998,2.4,1.6,0.5,0.5504731946162797,2.2891005000000004,0.7227512500000012,-0.1108994999999999,0.8918287817655168,2.111111111111111,"[77451, 77811, 78162, 78516, 78734, 79195, 79555, 79765, 80242, 80584, 80905, 81223, 81553, 81907, 82111, 82612, 82831, 83275, 83608, 83938, 84274, 84604, 84927, 85278, 85611, 85938, 86259, 86595, 86922, 87273, 87609, 87930, 88266, 88599, 88923, 89271, 89460, 89904, 90285, 90636, 91002, 91347, 91686, 92016, 92372, 92735, 93086, 93422, 93799, 94138, 94492, 94864, 95215, 95569, 95851, 96262, 96613, 96949, 97291, 97615, 97963, 98323, 98680, 99052, 99428, 99808, 100183, 100540, 100900, 101254, 101605, 101979, 102201, 102672, 103029, 103377, 103737, 104106, 104448, 104811, 105162, 105506, 105839, 106188, 106527, 106878, 107246, 107598, 107956, 108333, 108710, 108923, 109421, 109787, 110131, 110461, 110806, 111154, 111502, 111844]",0.1,0.5788597797868419,1.9521493499999998,0.11962662500000057,0.3521493499999999,0.6291558693803533,16.0,"[23563, 23863, 24181, 24457, 24724, 25006, 25305, 25611, 25878, 26139, 26412, 26697, 26952, 27231, 27570, 27822, 28191, 28380, 28809, 29124, 29432, 29687, 30048, 30363, 30669, 30988, 31284, 31521, 31870, 32170, 32452, 32749, 33070, 33385, 33679, 33985, 34271, 34577, 34892, 35195, 35498, 35771, 36059, 36338, 36605, 36875, 37118, 37400, 37666, 37946, 38221, 38480, 38762, 39020, 39281, 39560, 39824, 40118, 40403, 40595, 40992, 41301, 41602, 41890, 42186, 42472, 42803, 43103, 43403, 43676, 43958, 44245, 44530, 44830, 45091, 45358, 45640, 45919, 46162, 46483, 46744, 47020, 47287, 47581, 47917, 48217, 48574, 48796, 49159, 49615, 49957, 50298, 50646, 50976, 51297, 51636, 51900, 52266, 52575, 52914]",0.2999999999999998,2.4,1.6,False,True,0.5,0.14359307544956731,2.2818294750000003,0.7045736875000009,-0.11817052499999994,0.16646160864472664,1.7777777777777777,"[8445, 8742, 9039, 9381, 9729, 10044, 10359, 10683, 11025, 11382, 11733, 12087, 12432, 12783, 13128, 13470, 13776, 14104, 14415, 14724, 15030, 15339, 15672, 16002, 16320]",0.05,0.18057652857441406,2.0900874750000002,-0.22521868750000068,0.4900874749999999,0.130735354337664,,"[16653, 16986, 17301, 17604, 17895, 18198, 18507, 18759, 19044, 19350, 19668, 19980, 20289, 20568, 20847, 21141, 21429, 21766, 22116, 22467, 22764, 23073, 23395, 23715, 24046, 24382]",0.2999999999999998,2.4,1.6,0.04848947526862685,0.05725653009005851
60,MUH1384,8.083333333333334,2025-01-29,8.0,9.0,10.0,0.2,0.3555239190834931,2.0636057250000004,0.159014312500001,-0.33639427499999985,0.3355130143548077,3.3333333333333335,"[64445, 64748, 65120, 65462, 65801, 66113, 66405, 66702, 67056, 67419, 67742, 68076, 68445, 68787, 69174, 69528, 69863, 70214, 70604, 70943, 71267, 71600, 71960, 72350, 72725]",0.65,0.1274576175215526,1.554326325,1.1141841875000005,-0.04567367500000008,0.1017457618661863,1.25,"[73040, 73364, 73694, 74006, 74330, 74633, 74909, 75200, 75467, 75740, 76004, 76274, 76532, 76807, 77057, 77306, 77570, 77845, 78106, 78366, 78621, 78874, 79161, 79470, 79746]",0.2999999999999998,2.4,1.6,0.25,0.20605058383699956,2.1358220999999995,0.3395552499999988,-0.2641778999999999,0.5513025961671896,4.5,"[24577, 24925, 25268, 25648, 25990, 26323, 26644, 26983, 27370, 27769, 28120, 28483, 28828, 29158, 29545, 29863, 30238, 30567, 30881, 31241, 31580, 31967, 32324, 32717, 33041, 33413, 33797, 34160, 34500, 34853, 35217, 35567, 36011, 36359, 36704, 37043, 37379, 37697, 38006, 38366, 38724, 39087, 39462, 39837, 40206, 40601, 40913, 41273, 41573, 41903, 42287, 42682, 43144, 43531, 43984, 44371, 44818, 45214, 45652, 46033, 46381, 46756, 47146, 47527, 47914, 48307, 48738, 49164, 49587, 49989, 50385, 50766, 51168, 51585, 51996, 52413, 52794, 53154, 53517, 53895, 54258, 54648, 55023, 55391, 55793, 56180, 56540, 56909, 57227, 57542, 57854, 58184, 58535, 58889, 59228, 59572, 59968, 60313, 60702, 61080]",0.05,0.24988464073049899,2.1106473,-0.27661825000000034,0.5106472999999998,0.08508397690306754,,"[89625, 89943, 90291, 90637, 90987, 91314, 91683, 92024, 92399, 92798, 93233, 93605, 93992, 94400, 94841, 95219, 95717, 96116, 96491, 96840, 97254, 97638, 98106, 98574, 98943, 99282, 99618, 100115, 100682, 101165, 101606, 101999, 102419, 102824, 103274, 103691, 104090, 104545, 104926, 105274, 105661, 106057, 106438, 106819, 107254, 107680, 108097, 108589, 109165, 109677, 110136, 110610, 111057, 111459, 111891, 112275, 112631, 112988, 113348, 113732, 114125, 114515, 114995, 115430, 115835, 116177, 116543, 116909, 117305, 117638, 118034, 118458, 118896, 119297, 119630, 119981, 120299, 120653, 121103, 121523, 121925, 122357, 122756, 123152, 123542, 123944, 124352, 124757, 125095, 125401, 125752, 126112, 126451, 126802, 127156, 127507, 127879, 128227, 128572, 128899]",0.2999999999999998,2.4,1.6,True,False,0.25,0.39063294475977917,2.138957025,0.34739256249999967,-0.2610429749999999,0.7945956375516664,4.0,"[9338, 9674, 10016, 10427, 10799, 11180, 11588, 11936, 12305, 12692, 13067, 13430, 13781, 14174, 14531, 14903, 15278, 15626, 15974, 16316, 16718, 17135, 17537, 17879, 18248]",0.3,0.2753150646630183,1.9163939250000002,0.20901518749999964,0.31639392499999985,0.13675849772356502,1.2,"[18578, 18938, 19256, 19601, 19937, 20279, 20603, 20930, 21266, 21650, 22037, 22427, 22778, 23144, 23495, 23888, 24308, 24653, 24947, 25232, 25514, 25793, 26063, 26357, 26678, 27017]",0.2999999999999998,2.4,1.6,0.11893873924032036,0.0556770770290131
61,MUH1386,8.916666666666666,2025-02-17,8.0,9.0,10.0,0.35,0.3724763000671671,2.1793791000000007,0.4484477500000018,-0.22062089999999995,0.318933241019863,1.8333333333333333,"[203, 204, 205, 206, 207, 208, 209, 210, 211, 212, 213, 214, 215, 216, 217, 218, 219, 220, 221, 222, 223, 224, 225, 226, 227]",0.2,0.3015899591159328,1.79255055,0.5186236249999999,0.1925505499999999,0.11183516700095367,5.333333333333333,"[228, 229, 230, 231, 232, 233, 234, 235, 236, 237, 238, 239, 240, 241, 242, 243, 244, 245, 246, 247, 248, 249, 250, 251, 252]",0.2999999999999998,2.4,1.6,0.45,0.3436161583930563,2.260479525,0.6511988125000002,-0.13952047499999987,0.23492435989124,2.375,"[452, 453, 454, 455, 456, 457, 458, 459, 460, 461, 462, 463, 464, 465, 466, 467, 468, 469, 470, 471, 472, 473, 474, 475, 476, 477, 478, 479, 480, 481, 482, 483, 484, 485, 486, 487, 488, 489, 490, 491, 492, 493, 494, 495, 496, 497, 498, 499, 500, 501, 502, 503, 504, 505, 506, 507, 508, 509, 510, 511, 512, 513, 514, 515, 516, 517, 518, 519, 520, 521, 522, 523, 524, 525, 526, 527, 528, 529, 530, 531, 532, 533, 534, 535, 536, 537, 538, 539, 540, 541, 542, 543, 544, 545, 546, 547, 548, 549, 550, 551]",0.25,0.26006037095858675,1.864757775,0.3381055625000002,0.2647577749999998,0.18402139193899453,4.0,"[277, 78, 279, 280, 281, 282, 283, 284, 285, 286, 87, 288, 289, 290, 291, 292, 293, 294, 95, 96, 97, 98, 99, 300, 301, 302, 303, 304, 305, 306, 307, 308, 309, 310, 111, 112, 113, 314, 115, 116, 317, 318, 119, 320, 121, 322, 323, 324, 325, 326, 127, 128, 129, 130, 331, 132, 133, 334, 135, 336, 337, 138, 139, 140, 141, 342, 143, 344, 345, 346, 347, 348, 149, 150, 151, 152, 353, 154, 355, 356, 357, 358, 359, 360, 361, 362, 363, 364, 365, 366, 367, 368, 369, 370, 371, 372, 373, 374, 375, 376]",0.2999999999999998,2.4,1.6,False,True,0.25,0.4498883028792075,2.3904675749999997,0.9761689374999996,-0.009532424999999822,0.4689614843931703,2.25,"[9919, 10327, 10693, 11089, 11539, 11926, 12352, 12760, 13138, 13567, 13957, 14362, 14758, 15166, 15529, 15886, 16216, 16546, 16951, 17473, 18052, 18661, 19291, 19879, 20391]",0.55,0.18926104014574682,1.6408030500000002,0.8979923749999998,0.04080304999999994,0.1844206723795341,1.8,"[20874, 21327, 21618, 21867, 22053, 22275, 22563, 22908, 23238, 23550, 23853, 24150, 24441, 24720, 25026, 25299, 25596, 25896, 26160, 26429, 26741, 27032, 27341, 27626, 27944, 28271]",0.2999999999999998,2.4,1.6,0.1665674208398808,0.12639230234821905
62,MUH1387,8.916666666666666,2025-02-17,10.0,10.0,10.0,0.1,0.8116407464123357,1.5985002000000001,-1.0037494999999999,-0.8014997999999999,31.243229433513346,2.0,"[84079, 84526, 84970, 85411, 85828, 86233, 86781, 87192, 87600, 87888, 88083, 88587, 88992, 89355, 89613, 90360, 90615, 90849, 91446, 91941, 92220, 92484, 92711, 93161, 93500]",0.2,0.38756169384818,1.727095125,0.6822621875000002,0.1270951249999999,0.2974155338488008,2.6666666666666665,"[93887, 94442, 94773, 95144, 95513, 95993, 96434, 96866, 97268, 97661, 98024, 98678, 99020, 99332, 99689, 100172, 100493, 100841, 101201, 101564, 101873, 102170, 102476, 102838, 103195]",0.2999999999999998,2.4,1.6,0.1,0.6263187987415009,1.733385375,-0.6665365625000004,-0.6666146249999999,0.7607936094143606,7.0,"[77, 78, 79, 80, 81, 82, 83, 84, 85, 86, 87, 88, 89, 90, 91, 92, 93, 94, 95, 96, 97, 98, 99, 100, 101, 102, 103, 104, 105, 106, 107, 108, 109, 110, 111, 112, 113, 114, 115, 116, 117, 118, 119, 120, 121, 122, 123, 124, 125, 126, 127, 128, 129, 130, 131, 132, 133, 134, 135, 136, 137, 138, 139, 140, 141, 142, 143, 144, 145, 146, 147, 148, 149, 150, 151, 152, 153, 154, 155, 156, 157, 158, 159, 160, 161, 162, 163, 164, 165, 166, 167, 168, 169, 170, 171, 172, 173, 174, 175, 176]",0.15,0.7393915003023468,1.6130482499999999,0.9673793750000006,0.013048249999999928,1.0820089079690838,2.5,"[253, 254, 255, 256, 257, 258, 259, 260, 261, 262, 263, 264, 265, 266, 267, 268, 269, 270, 271, 272, 273, 274, 275, 276, 277, 278, 279, 280, 281, 282, 283, 284, 285, 286, 287, 288, 289, 290, 291, 292, 293, 294, 295, 296, 297, 298, 299, 300, 301, 302, 303, 304, 305, 306, 307, 308, 309, 310, 311, 312, 313, 314, 315, 316, 317, 318, 319, 320, 321, 322, 323, 324, 325, 326, 327, 328, 329, 330, 331, 332, 333, 334, 335, 336, 337, 338, 339, 340, 341, 342, 343, 344, 345, 346, 347, 348, 349, 350, 351, 352]",0.2999999999999998,2.4,1.6,True,False,0.25,0.39442641959166735,2.1359706750000003,0.3399266875000007,-0.2640293249999999,0.18487001281241286,3.75,"[11392, 11782, 12196, 12535, 12918, 13278, 13650, 14046, 14892, 15270, 15621, 16131, 16548, 16926, 17343, 17789, 18191, 18578, 19463, 19850, 20291, 20678, 21242, 21728, 22121]",0.1,0.2903005942948301,1.9461222,0.13469449999999997,0.34612219999999994,0.20659811421332575,1.0,"[22454, 22760, 23102, 23471, 23810, 24272, 24713, 25130, 25604, 26177, 26546, 26894, 27227, 27572, 27925, 28330, 28720, 29107, 29470, 29851, 30277, 30994, 31387, 31834, 32122, 32524]",0.2999999999999998,2.4,1.6,0.15157834824586905,0.08134358038531408
63,MUH1391,13.916666666666666,2025-01-24,9.0,10.0,10.0,0.95,0.07172842093202648,2.375447325,0.9386183125000005,-0.024552674999999868,0.11958907242246422,1.0555555555555556,"[85253, 85621, 86022, 86466, 86925, 87405, 87892, 88402, 88876, 89347, 89792, 90240, 90711, 91179, 91655, 92130, 92613, 93099, 93570, 94061, 94530, 95010, 95475, 95951, 96426]",0.5,0.19784749721928135,1.786072725,0.5348181875000003,0.1860727249999999,0.20181529363869588,1.7777777777777777,"[96905, 97355, 97695, 98060, 98420, 98784, 99126, 99473, 99818, 100173, 100527, 100892, 101259, 101624, 101987, 102351, 102710, 103098, 103467, 103838, 104225, 104589, 104954, 105360, 105801]",0.2999999999999998,2.4,1.6,1.0,0.06795577887486444,2.3512836,0.878209,-0.048716399999999924,0.11028739504111709,1.0,"[31554, 31956, 32346, 32777, 33210, 33643, 34075, 34528, 34984, 35456, 35937, 36393, 36836, 37289, 37736, 38192, 38653, 39107, 39554, 40012, 40453, 40957, 41397, 41836, 42238, 42667, 43057, 43491, 43929, 44364, 44799, 45254, 45708, 46173, 46653, 47106, 47604, 48076, 48545, 49012, 49490, 49963, 50429, 50882, 51361, 51831, 52286, 52734, 53186, 53666, 54150, 54626, 55109, 55577, 56072, 56536, 57019, 57509, 57986, 58495, 58997, 59485, 59977, 60445, 60910, 61426, 61906, 62407, 62892, 63373, 63833, 64322, 64798, 65284, 65794, 66280, 66771, 67269, 67763, 68231, 68714, 69191, 69667, 70135, 70602, 71058, 71527, 72034, 72504, 72984, 73464, 73947, 74420, 74909, 75398, 75866, 76325, 76787, 77246, 77699]",0.4,0.18384509937844523,1.827785625,0.4305359375000002,0.22778562499999994,0.24030964105836522,2.2857142857142856,"[111167, 111596, 112006, 112349, 112735, 113140, 113521, 113879, 114277, 114728, 115127, 115490, 115819, 116198, 116651, 117029, 117385, 117749, 118133, 118496, 118856, 119206, 119558, 119897, 120245, 120656, 120997, 121325, 121705, 122089, 122458, 122827, 123172, 123517, 123859, 124213, 124561, 124888, 125194, 125545, 125890, 126246, 126597, 126924, 127278, 127584, 127920, 128241, 128573, 128915, 129262, 129607, 129953, 130301, 130630, 130985, 131342, 131666, 132026, 132359, 132734, 133084, 133424, 133766, 134092, 134429, 134798, 135151, 135506, 135869, 136220, 136588, 136942, 137297, 137644, 137988, 138336, 138708, 139062, 139431, 139782, 140136, 140499, 140874, 141255, 141629, 142001, 142391, 142750, 143132, 143492, 143842, 144231, 144613, 144964, 145316, 145697, 146056, 146402, 146773]",0.2999999999999998,2.4,1.6,True,False,0.9,0.0803230633536254,2.3618726999999997,0.9046817499999995,-0.038127299999999996,0.12059488336872588,1.1176470588235294,"[11521, 11920, 12352, 12838, 13335, 13819, 14293, 14757, 15241, 15730, 16203, 16657, 17106, 17604, 18096, 18629, 19104, 19572, 20024, 20484, 20958, 21432, 21893, 22376, 22844]",0.2,0.2701757781422989,1.996896675,0.007758312500000255,0.3968966749999999,0.11785233667961588,4.0,"[23335, 23800, 24208, 24631, 25040, 25442, 25880, 26339, 26768, 27208, 27631, 28027, 28442, 28867, 29256, 29680, 30127, 30532, 30994, 31399, 31837, 32215, 32578, 32926, 33295, 33679]",0.2999999999999998,2.4,1.6,0.09099967687499205,0.03620538959779092
64,MUH1395,11.083333333333334,2025-01-24,10.0,10.0,10.0,0.2,0.43007071964367477,2.0478522749999994,0.11963068749999864,-0.35214772499999986,0.1755893085298644,5.0,"[81051, 81436, 81834, 82275, 82674, 83136, 83526, 83952, 84369, 84807, 85296, 85800, 86202, 86646, 87042, 87455, 87896, 88265, 88653, 89154, 89529, 89918, 90308, 90668, 91049]",0.25,0.26965317445311504,1.8411957,0.39701074999999986,0.24119569999999993,0.13253680522859962,3.0,"[91436, 91826, 92168, 92549, 92891, 93278, 93644, 94016, 94271, 94766, 95114, 95501, 95927, 96302, 96680, 97052, 97427, 97805, 98195, 98579, 98930, 99401, 99815, 100199, 100637]",0.2999999999999998,2.4,1.6,0.5,0.42987482678682476,2.05601265,0.14003162500000002,-0.3439873499999999,0.24115656274822408,2.111111111111111,"[98244, 98607, 98940, 99317, 99710, 100040, 100457, 100838, 101195, 101606, 101987, 102413, 102788, 103223, 103628, 104039, 104444, 104855, 105265, 105707, 106096, 106438, 106798, 107206, 107572, 107947, 108316, 108676, 109027, 109393, 109759, 110095, 110515, 110911, 111307, 111712, 112066, 112531, 112897, 113284, 113661, 114132, 114483, 114861, 115314, 115683, 116037, 116478, 116822, 117248, 117653, 118022, 118472, 118888, 119341, 119767, 120120, 120516, 120894, 121338, 121677, 122040, 122469, 122928, 123375, 123831, 124257, 124682, 125024, 125417, 125867, 126323, 126745, 127168, 127552, 127954, 128308, 128682, 129177, 129528, 129906, 130197, 130790, 131192, 131588, 132008, 132425, 132902, 133355, 133799, 134255, 134704, 135163, 135591, 137148, 138467, 138916, 139366, 139747, 140124]",0.1,0.38334771246463495,1.9985175000000002,0.003706249999999579,0.3985174999999999,0.11725142576416478,10.0,"[29834, 30227, 30620, 30986, 31424, 31825, 32212, 32563, 32962, 33352, 33772, 34177, 34577, 34922, 35267, 35732, 36113, 36482, 36860, 37229, 37679, 38066, 38420, 38798, 39287, 39668, 39998, 40525, 40903, 41286, 41667, 42153, 42546, 42927, 43320, 43710, 44079, 44578, 44965, 45352, 45742, 46114, 46501, 46858, 47245, 47712, 48087, 48480, 48924, 49346, 49733, 50126, 50453, 50831, 51202, 51740, 52166, 52579, 53011, 53401, 53797, 54220, 54679, 55117, 55573, 55969, 56344, 56740, 57153, 57756, 58128, 58494, 58863, 59202, 59598, 59943, 60408, 60792, 61173, 61554, 61877, 62258, 62675, 63101, 63479, 63857, 64319, 64730, 65134, 65554, 65929, 66322, 66703, 67188, 67538, 67910, 68297, 68741, 69134, 69521]",0.2999999999999998,2.4,1.6,False,True,0.75,0.2626499713642752,2.324503875,0.8112596875000002,-0.07549612499999993,0.16902575284852045,1.2142857142857142,"[10836, 11241, 11694, 12150, 12609, 13068, 13557, 14006, 14468, 14927, 15404, 15848, 16301, 16748, 17180, 17636, 18080, 18539, 18986, 19433, 19868, 20303, 20729, 21212, 21671]",0.8,0.0921176172606286,1.6731402750000002,0.8171493124999998,0.07314027499999991,0.03944133381518766,1.2666666666666666,"[22127, 22547, 22922, 23236, 23539, 23860, 24172, 24478, 24772, 25078, 25396, 25717, 26053, 26416, 26764, 27085, 27412, 27742, 28069, 28387, 28696, 29026, 29389, 29731, 30061, 30388]",0.2999999999999998,2.4,1.6,0.07032067609212961,0.03192876908613454
65,MUH1396,11.0,2025-01-24,,,,0.9,0.1074144978636588,2.3869667249999997,0.9674168124999996,-0.01303327499999991,0.04656092716962472,1.1176470588235294,"[85581, 85947, 86394, 86838, 87300, 87768, 88224, 88683, 89151, 89610, 90057, 90542, 91022, 91475, 91952, 92420, 92906, 93380, 93872, 94346, 94814, 95306, 95807, 96281, 96749]",0.6,0.14111416552788594,1.7407755000000003,0.6480612499999995,0.14077549999999986,0.40374634847540164,1.7272727272727273,"[97214, 97628, 98018, 98396, 98783, 99128, 99476, 99845, 100172, 100526, 100892, 101264, 101660, 102005, 102356, 102703, 103069, 103420, 103768, 104107, 104452, 104803, 105148, 105523, 105874]",0.2999999999999998,2.4,1.6,0.8,0.11592359448915843,2.35648545,0.8912136250000005,-0.04351454999999993,0.04917579805581525,1.2666666666666666,"[34452, 34890, 35346, 35808, 36291, 36753, 37233, 37707, 38169, 38646, 39120, 39587, 40076, 40534, 41021, 41491, 41968, 42450, 42921, 43400, 43892, 44381, 44840, 45320, 45791, 46277, 46748, 47210, 47678, 48130, 48599, 49070, 49520, 49987, 50437, 50888, 51368, 51857, 52348, 52813, 53287, 53764, 54226, 54685, 55159, 55636, 56101, 56563, 57031, 57488, 57953, 58424, 58895, 59378, 59810, 60251, 60740, 61210, 61678, 62128, 62583, 63060, 63519, 63960, 64416, 64893, 65394, 65877, 66345, 66825, 67287, 67743, 68198, 68640, 69069, 69535, 70002, 70461, 70923, 71394, 71865, 72342, 72782, 73226, 73703, 74159, 74617, 75096, 75570, 76047, 76521, 76980, 77436, 77919, 78389, 78848, 79303, 79762, 80227, 80703]",0.6,0.1910232868042171,1.667459025,0.8313524375,0.06745902499999991,0.38919155792680993,1.7272727272727273,"[112996, 113383, 113803, 114196, 114562, 114935, 115315, 115678, 116038, 116362, 116680, 117018, 117351, 117696, 118042, 118429, 118759, 119101, 119442, 119790, 120127, 120471, 120801, 121119, 121473, 121818, 122145, 122493, 122832, 123189, 123531, 123873, 124203, 124545, 124884, 125238, 125579, 125921, 126263, 126603, 126948, 127284, 127674, 128055, 128400, 128727, 129021, 129402, 129750, 130100, 130451, 130748, 131081, 131468, 131819, 132136, 132484, 132847, 133205, 133526, 133864, 134203, 134541, 134868, 135187, 135502, 135848, 136180, 136507, 136867, 137212, 137536, 137842, 138202, 138574, 138847, 139252, 139684, 140091, 140391, 140742, 141087, 141431, 141791, 142124, 142422, 142755, 143063, 143381, 143705, 144074, 144431, 144776, 145136, 145490, 145868, 146201, 146504, 146830, 147166]",0.2999999999999998,2.4,1.6,True,False,0.75,0.09890712972282245,2.3364480750000003,0.841120187500001,-0.06355192499999988,0.09948597712319995,1.2142857142857142,"[11123, 11515, 11924, 12373, 12820, 13252, 13720, 14182, 14656, 15091, 15526, 15979, 16459, 16936, 17425, 17905, 18394, 18862, 19276, 19705, 20185, 20656, 21118, 21571, 22042]",0.65,0.13919255422560978,1.7134199250000002,0.7164501874999997,0.11341992499999987,0.3355655002449988,1.4166666666666667,"[22495, 22915, 23278, 23620, 23965, 24316, 24667, 24994, 25327, 25666, 26011, 26356, 26701, 27034, 27358, 27679, 28000, 28333, 28669, 29008, 29362, 29710, 30076, 30424, 30781, 31159]",0.2999999999999998,2.4,1.6,0.04961771564209186,0.05489894531470514
