{
  "correlations": {
    "correlation_matrix": {
      "age": {
        "age": 1.0,
        "mot_noise": -0.5473767011622488,
        "pref_asymmetry": -0.2326661562454752,
        "vis1_sr_max_const": 0.4565560500160803,
        "vis1_sr_min_const": 0.2983185319644202,
        "invis_sr_max_const": 0.5488450011745719,
        "invis_sr_min_const": 0.3753339321687451,
        "vis2_sr_max_const": 0.5775556294468771,
        "vis2_sr_min_const": 0.42421934238923353
      },
      "mot_noise": {
        "age": -0.5473767011622488,
        "mot_noise": 1.0,
        "pref_asymmetry": 0.4385677692492176,
        "vis1_sr_max_const": -0.33175638741585306,
        "vis1_sr_min_const": -0.25300020574903764,
        "invis_sr_max_const": -0.2780487413091284,
        "invis_sr_min_const": -0.3263438338003015,
        "vis2_sr_max_const": -0.34061186622390366,
        "vis2_sr_min_const": -0.30956140109976776
      },
      "pref_asymmetry": {
        "age": -0.2326661562454752,
        "mot_noise": 0.4385677692492176,
        "pref_asymmetry": 1.0,
        "vis1_sr_max_const": -0.2957235161729595,
        "vis1_sr_min_const": -0.19712391908073307,
        "invis_sr_max_const": -0.1920937027869493,
        "invis_sr_min_const": -0.2598463073730026,
        "vis2_sr_max_const": -0.25608642080421073,
        "vis2_sr_min_const": -0.28683063742955733
      },
      "vis1_sr_max_const": {
        "age": 0.4565560500160803,
        "mot_noise": -0.33175638741585306,
        "pref_asymmetry": -0.2957235161729595,
        "vis1_sr_max_const": 1.0,
        "vis1_sr_min_const": 0.46105413395979494,
        "invis_sr_max_const": 0.6693222859538429,
        "invis_sr_min_const": 0.5721226838218941,
        "vis2_sr_max_const": 0.5924530282418252,
        "vis2_sr_min_const": 0.464281046044378
      },
      "vis1_sr_min_const": {
        "age": 0.2983185319644202,
        "mot_noise": -0.25300020574903764,
        "pref_asymmetry": -0.19712391908073307,
        "vis1_sr_max_const": 0.46105413395979494,
        "vis1_sr_min_const": 1.0,
        "invis_sr_max_const": 0.45249403578305103,
        "invis_sr_min_const": 0.6945819385919234,
        "vis2_sr_max_const": 0.3565867341926585,
        "vis2_sr_min_const": 0.5680752210032601
      },
      "invis_sr_max_const": {
        "age": 0.5488450011745719,
        "mot_noise": -0.2780487413091284,
        "pref_asymmetry": -0.1920937027869493,
        "vis1_sr_max_const": 0.6693222859538429,
        "vis1_sr_min_const": 0.45249403578305103,
        "invis_sr_max_const": 1.0,
        "invis_sr_min_const": 0.47649684979484486,
        "vis2_sr_max_const": 0.5854397972219684,
        "vis2_sr_min_const": 0.44553768131329113
      },
      "invis_sr_min_const": {
        "age": 0.3753339321687451,
        "mot_noise": -0.3263438338003015,
        "pref_asymmetry": -0.2598463073730026,
        "vis1_sr_max_const": 0.5721226838218941,
        "vis1_sr_min_const": 0.6945819385919234,
        "invis_sr_max_const": 0.47649684979484486,
        "invis_sr_min_const": 1.0,
        "vis2_sr_max_const": 0.49483358470620614,
        "vis2_sr_min_const": 0.823807779834908
      },
      "vis2_sr_max_const": {
        "age": 0.5775556294468771,
        "mot_noise": -0.34061186622390366,
        "pref_asymmetry": -0.25608642080421073,
        "vis1_sr_max_const": 0.5924530282418252,
        "vis1_sr_min_const": 0.3565867341926585,
        "invis_sr_max_const": 0.5854397972219684,
        "invis_sr_min_const": 0.49483358470620614,
        "vis2_sr_max_const": 1.0,
        "vis2_sr_min_const": 0.5603170817360125
      },
      "vis2_sr_min_const": {
        "age": 0.42421934238923353,
        "mot_noise": -0.30956140109976776,
        "pref_asymmetry": -0.28683063742955733,
        "vis1_sr_max_const": 0.464281046044378,
        "vis1_sr_min_const": 0.5680752210032601,
        "invis_sr_max_const": 0.44553768131329113,
        "invis_sr_min_const": 0.823807779834908,
        "vis2_sr_max_const": 0.5603170817360125,
        "vis2_sr_min_const": 1.0
      }
    },
    "strong_correlations": [
      {
        "var1": "age",
        "var2": "mot_noise",
        "correlation": -0.5473767011622488,
        "strength": "strong"
      },
      {
        "var1": "age",
        "var2": "vis1_sr_max_const",
        "correlation": 0.4565560500160803,
        "strength": "moderate"
      },
      {
        "var1": "age",
        "var2": "invis_sr_max_const",
        "correlation": 0.5488450011745719,
        "strength": "strong"
      },
      {
        "var1": "age",
        "var2": "invis_sr_min_const",
        "correlation": 0.3753339321687451,
        "strength": "moderate"
      },
      {
        "var1": "age",
        "var2": "vis2_sr_max_const",
        "correlation": 0.5775556294468771,
        "strength": "strong"
      },
      {
        "var1": "age",
        "var2": "vis2_sr_min_const",
        "correlation": 0.42421934238923353,
        "strength": "moderate"
      },
      {
        "var1": "mot_noise",
        "var2": "pref_asymmetry",
        "correlation": 0.4385677692492176,
        "strength": "moderate"
      },
      {
        "var1": "mot_noise",
        "var2": "vis1_sr_max_const",
        "correlation": -0.33175638741585306,
        "strength": "moderate"
      },
      {
        "var1": "mot_noise",
        "var2": "invis_sr_min_const",
        "correlation": -0.3263438338003015,
        "strength": "moderate"
      },
      {
        "var1": "mot_noise",
        "var2": "vis2_sr_max_const",
        "correlation": -0.34061186622390366,
        "strength": "moderate"
      },
      {
        "var1": "mot_noise",
        "var2": "vis2_sr_min_const",
        "correlation": -0.30956140109976776,
        "strength": "moderate"
      },
      {
        "var1": "vis1_sr_max_const",
        "var2": "vis1_sr_min_const",
        "correlation": 0.46105413395979494,
        "strength": "moderate"
      },
      {
        "var1": "vis1_sr_max_const",
        "var2": "invis_sr_max_const",
        "correlation": 0.6693222859538429,
        "strength": "strong"
      },
      {
        "var1": "vis1_sr_max_const",
        "var2": "invis_sr_min_const",
        "correlation": 0.5721226838218941,
        "strength": "strong"
      },
      {
        "var1": "vis1_sr_max_const",
        "var2": "vis2_sr_max_const",
        "correlation": 0.5924530282418252,
        "strength": "strong"
      },
      {
        "var1": "vis1_sr_max_const",
        "var2": "vis2_sr_min_const",
        "correlation": 0.464281046044378,
        "strength": "moderate"
      },
      {
        "var1": "vis1_sr_min_const",
        "var2": "invis_sr_max_const",
        "correlation": 0.45249403578305103,
        "strength": "moderate"
      },
      {
        "var1": "vis1_sr_min_const",
        "var2": "invis_sr_min_const",
        "correlation": 0.6945819385919234,
        "strength": "strong"
      },
      {
        "var1": "vis1_sr_min_const",
        "var2": "vis2_sr_max_const",
        "correlation": 0.3565867341926585,
        "strength": "moderate"
      },
      {
        "var1": "vis1_sr_min_const",
        "var2": "vis2_sr_min_const",
        "correlation": 0.5680752210032601,
        "strength": "strong"
      },
      {
        "var1": "invis_sr_max_const",
        "var2": "invis_sr_min_const",
        "correlation": 0.47649684979484486,
        "strength": "moderate"
      },
      {
        "var1": "invis_sr_max_const",
        "var2": "vis2_sr_max_const",
        "correlation": 0.5854397972219684,
        "strength": "strong"
      },
      {
        "var1": "invis_sr_max_const",
        "var2": "vis2_sr_min_const",
        "correlation": 0.44553768131329113,
        "strength": "moderate"
      },
      {
        "var1": "invis_sr_min_const",
        "var2": "vis2_sr_max_const",
        "correlation": 0.49483358470620614,
        "strength": "moderate"
      },
      {
        "var1": "invis_sr_min_const",
        "var2": "vis2_sr_min_const",