{
  "correlations": {
    "correlation_matrix": {
      "age": {
        "age": 1.0,
        "mot_noise": -0.6558367803662111,
        "pref_asymmetry": -0.4337783497044251,
        "vis1_sr_max_const": 0.46999109192254773,
        "vis1_sr_min_const": 0.3300178454520373,
        "invis_sr_max_const": 0.5315318900473446,
        "invis_sr_min_const": 0.4827542409684492,
        "vis2_sr_max_const": 0.5596343036599555,
        "vis2_sr_min_const": 0.5044432081363179
      },
      "mot_noise": {
        "age": -0.6558367803662111,
        "mot_noise": 1.0,
        "pref_asymmetry": 0.4904499141163766,
        "vis1_sr_max_const": -0.3179648262794409,
        "vis1_sr_min_const": -0.11840419858752915,
        "invis_sr_max_const": -0.44811548977146026,
        "invis_sr_min_const": -0.2745838922235492,
        "vis2_sr_max_const": -0.4079338879155218,
        "vis2_sr_min_const": -0.3452780150777675
      },
      "pref_asymmetry": {
        "age": -0.4337783497044251,
        "mot_noise": 0.4904499141163766,
        "pref_asymmetry": 1.0,
        "vis1_sr_max_const": -0.2947363265861641,
        "vis1_sr_min_const": -0.12896548378371214,
        "invis_sr_max_const": -0.23855508391685784,
        "invis_sr_min_const": -0.3094456600057228,
        "vis2_sr_max_const": -0.3847036386654059,
        "vis2_sr_min_const": -0.3350463978261105
      },
      "vis1_sr_max_const": {
        "age": 0.46999109192254773,
        "mot_noise": -0.3179648262794409,
        "pref_asymmetry": -0.2947363265861641,
        "vis1_sr_max_const": 1.0,
        "vis1_sr_min_const": 0.4956534361313153,
        "invis_sr_max_const": 0.6773924967323535,
        "invis_sr_min_const": 0.57610973335934,
        "vis2_sr_max_const": 0.5938625995532182,
        "vis2_sr_min_const": 0.4861159916605212
      },
      "vis1_sr_min_const": {
        "age": 0.3300178454520373,
        "mot_noise": -0.11840419858752915,
        "pref_asymmetry": -0.12896548378371214,
        "vis1_sr_max_const": 0.4956534361313153,
        "vis1_sr_min_const": 1.0,
        "invis_sr_max_const": 0.4433180376286777,
        "invis_sr_min_const": 0.7012133804949471,
        "vis2_sr_max_const": 0.3612218859301306,
        "vis2_sr_min_const": 0.5502862786345927
      },
      "invis_sr_max_const": {
        "age": 0.5315318900473446,
        "mot_noise": -0.44811548977146026,
        "pref_asymmetry": -0.23855508391685784,
        "vis1_sr_max_const": 0.6773924967323535,
        "vis1_sr_min_const": 0.4433180376286777,
        "invis_sr_max_const": 1.0,
        "invis_sr_min_const": 0.46801593578175976,
        "vis2_sr_max_const": 0.511291087489836,
        "vis2_sr_min_const": 0.42458174479678673
      },
      "invis_sr_min_const": {
        "age": 0.4827542409684492,
        "mot_noise": -0.2745838922235492,
        "pref_asymmetry": -0.3094456600057228,
        "vis1_sr_max_const": 0.57610973335934,
        "vis1_sr_min_const": 0.7012133804949471,
        "invis_sr_max_const": 0.46801593578175976,
        "invis_sr_min_const": 1.0,
        "vis2_sr_max_const": 0.48939077534659164,
        "vis2_sr_min_const": 0.8038584873407917
      },
      "vis2_sr_max_const": {
        "age": 0.5596343036599555,
        "mot_noise": -0.4079338879155218,
        "pref_asymmetry": -0.3847036386654059,
        "vis1_sr_max_const": 0.5938625995532182,
        "vis1_sr_min_const": 0.3612218859301306,
        "invis_sr_max_const": 0.511291087489836,
        "invis_sr_min_const": 0.48939077534659164,
        "vis2_sr_max_const": 1.0,
        "vis2_sr_min_const": 0.551721852897713
      },
      "vis2_sr_min_const": {
        "age": 0.5044432081363179,
        "mot_noise": -0.3452780150777675,
        "pref_asymmetry": -0.3350463978261105,
        "vis1_sr_max_const": 0.4861159916605212,
        "vis1_sr_min_const": 0.5502862786345927,
        "invis_sr_max_const": 0.42458174479678673,
        "invis_sr_min_const": 0.8038584873407917,
        "vis2_sr_max_const": 0.551721852897713,
        "vis2_sr_min_const": 1.0
      }
    },
    "strong_correlations": [
      {
        "var1": "age",
        "var2": "mot_noise",
        "correlation": -0.6558367803662111,
        "strength": "strong"
      },
      {
        "var1": "age",
        "var2": "pref_asymmetry",
        "correlation": -0.4337783497044251,
        "strength": "moderate"
      },
      {
        "var1": "age",
        "var2": "vis1_sr_max_const",
        "correlation": 0.46999109192254773,
        "strength": "moderate"
      },
      {
        "var1": "age",
        "var2": "vis1_sr_min_const",
        "correlation": 0.3300178454520373,
        "strength": "moderate"
      },
      {
        "var1": "age",
        "var2": "invis_sr_max_const",
        "correlation": 0.5315318900473446,
        "strength": "strong"
      },
      {
        "var1": "age",
        "var2": "invis_sr_min_const",
        "correlation": 0.4827542409684492,
        "strength": "moderate"
      },
      {
        "var1": "age",
        "var2": "vis2_sr_max_const",
        "correlation": 0.5596343036599555,
        "strength": "strong"
      },
      {
        "var1": "age",
        "var2": "vis2_sr_min_const",
        "correlation": 0.5044432081363179,
        "strength": "strong"
      },
      {
        "var1": "mot_noise",
        "var2": "pref_asymmetry",
        "correlation": 0.4904499141163766,
        "strength": "moderate"
      },
      {
        "var1": "mot_noise",
        "var2": "vis1_sr_max_const",
        "correlation": -0.3179648262794409,
        "strength": "moderate"
      },
      {
        "var1": "mot_noise",
        "var2": "invis_sr_max_const",
        "correlation": -0.44811548977146026,
        "strength": "moderate"
      },
      {
        "var1": "mot_noise",
        "var2": "vis2_sr_max_const",
        "correlation": -0.4079338879155218,
        "strength": "moderate"
      },
      {
        "var1": "mot_noise",
        "var2": "vis2_sr_min_const",
        "correlation": -0.3452780150777675,
        "strength": "moderate"
      },
      {
        "var1": "pref_asymmetry",
        "var2": "invis_sr_min_const",
        "correlation": -0.3094456600057228,
        "strength": "moderate"
      },
      {
        "var1": "pref_asymmetry",
        "var2": "vis2_sr_max_const",
        "correlation": -0.3847036386654059,
        "strength": "moderate"
      },
      {
        "var1": "pref_asymmetry",
        "var2": "vis2_sr_min_const",
        "correlation": -0.3350463978261105,
        "strength": "moderate"
      },
      {
        "var1": "vis1_sr_max_const",
        "var2": "vis1_sr_min_const",
        "correlation": 0.4956534361313153,
        "strength": "moderate"
      },
      {
        "var1": "vis1_sr_max_const",
        "var2": "invis_sr_max_const",
        "correlation": 0.6773924967323535,
        "strength": "strong"
      },
      {
        "var1": "vis1_sr_max_const",
        "var2": "invis_sr_min_const",
        "correlation": 0.57610973335934,
        "strength": "strong"
      },
      {
        "var1": "vis1_sr_max_const",
        "var2": "vis2_sr_max_const",
        "correlation": 0.5938625995532182,
        "strength": "strong"
      },
      {
        "var1": "vis1_sr_max_const",
        "var2": "vis2_sr_min_const",
        "correlation": 0.4861159916605212,
        "strength": "moderate"
      },
      {
        "var1": "vis1_sr_min_const",
        "var2": "invis_sr_max_const",
        "correlation": 0.4433180376286777,
        "strength": "moderate"
      },
      {
        "var1": "vis1_sr_min_const",
        "var2": "invis_sr_min_const",
        "correlation": 0.7012133804949471,
        "strength": "strong"
      },
      {
        "var1": "vis1_sr_min_const",
        "var2": "vis2_sr_max_const",
        "correlation": 0.3612218859301306,
        "strength": "moderate"
      },
      {
        "var1": "vis1_sr_min_const",
        "var2": "vis2_sr_min_const",
        "correlation": 0.5502862786345927,